geometry docs=30 queries=39 cap=32
doc 0 7
search 0 0 Success 5 1 Number
search 0 1 NotFound
search 0 2 NotFound
search 0 3 NotFound
search 0 4 NotFound
search 0 5 NotFound
search 0 6 NotFound
search 0 7 NotFound
search 0 8 BadParameter
search 0 9 BadParameter
search 0 10 BadParameter
search 0 11 BadParameter
search 0 12 BadParameter
search 0 13 BadParameter
search 0 14 NotFound
search 0 15 NotFound
search 0 16 NotFound
search 0 17 NotFound
search 0 18 NotFound
search 0 19 BadParameter
search 0 20 BadParameter
search 0 21 BadParameter
search 0 22 NotFound
search 0 23 NotFound
search 0 24 NotFound
search 0 25 NotFound
search 0 26 NotFound
search 0 27 NotFound
search 0 28 NotFound
search 0 29 NotFound
search 0 30 NotFound
search 0 31 NotFound
search 0 32 NotFound
search 0 33 NotFound
search 0 34 BadParameter
search 0 35 BadParameter
search 0 36 BadParameter
search 0 37 BadParameter
search 0 38 NotFound
iter 0 pair 0 key 2 1 5 1 Number
iter 0 end NotFound
doc 1 20
search 1 0 Success 5 14 Object
search 1 1 NotFound
search 1 2 NotFound
search 1 3 NotFound
search 1 4 NotFound
search 1 5 Success 10 8 Object
search 1 6 Success 15 2 Number
search 1 7 NotFound
search 1 8 BadParameter
search 1 9 BadParameter
search 1 10 BadParameter
search 1 11 BadParameter
search 1 12 BadParameter
search 1 13 BadParameter
search 1 14 NotFound
search 1 15 NotFound
search 1 16 NotFound
search 1 17 NotFound
search 1 18 NotFound
search 1 19 BadParameter
search 1 20 BadParameter
search 1 21 BadParameter
search 1 22 NotFound
search 1 23 NotFound
search 1 24 NotFound
search 1 25 NotFound
search 1 26 NotFound
search 1 27 NotFound
search 1 28 NotFound
search 1 29 NotFound
search 1 30 NotFound
search 1 31 NotFound
search 1 32 NotFound
search 1 33 NotFound
search 1 34 BadParameter
search 1 35 BadParameter
search 1 36 BadParameter
search 1 37 BadParameter
search 1 38 NotFound
iter 1 pair 0 key 2 1 5 14 Object
iter 1 end NotFound
doc 2 13
search 2 0 Success 5 7 Array
search 2 1 NotFound
search 2 2 NotFound
search 2 3 NotFound
search 2 4 NotFound
search 2 5 NotFound
search 2 6 NotFound
search 2 7 NotFound
search 2 8 BadParameter
search 2 9 BadParameter
search 2 10 BadParameter
search 2 11 BadParameter
search 2 12 BadParameter
search 2 13 BadParameter
search 2 14 NotFound
search 2 15 NotFound
search 2 16 NotFound
search 2 17 NotFound
search 2 18 NotFound
search 2 19 BadParameter
search 2 20 BadParameter
search 2 21 BadParameter
search 2 22 Success 6 1 Number
search 2 23 Success 8 1 Number
search 2 24 NotFound
search 2 25 NotFound
search 2 26 NotFound
search 2 27 NotFound
search 2 28 NotFound
search 2 29 NotFound
search 2 30 NotFound
search 2 31 NotFound
search 2 32 NotFound
search 2 33 NotFound
search 2 34 BadParameter
search 2 35 BadParameter
search 2 36 BadParameter
search 2 37 BadParameter
search 2 38 NotFound
iter 2 pair 0 key 2 1 5 7 Array
iter 2 end NotFound
doc 3 7
search 3 0 NotFound
search 3 1 NotFound
search 3 2 NotFound
search 3 3 NotFound
search 3 4 NotFound
search 3 5 NotFound
search 3 6 NotFound
search 3 7 NotFound
search 3 8 BadParameter
search 3 9 BadParameter
search 3 10 BadParameter
search 3 11 BadParameter
search 3 12 BadParameter
search 3 13 NotFound
search 3 14 Success 1 1 Number
search 3 15 Success 3 1 Number
search 3 16 Success 5 1 Number
search 3 17 NotFound
search 3 18 NotFound
search 3 19 BadParameter
search 3 20 BadParameter
search 3 21 BadParameter
search 3 22 NotFound
search 3 23 NotFound
search 3 24 NotFound
search 3 25 NotFound
search 3 26 NotFound
search 3 27 NotFound
search 3 28 NotFound
search 3 29 NotFound
search 3 30 NotFound
search 3 31 NotFound
search 3 32 NotFound
search 3 33 NotFound
search 3 34 BadParameter
search 3 35 NotFound
search 3 36 NotFound
search 3 37 NotFound
search 3 38 NotFound
iter 3 pair 0 nokey 1 1 Number
iter 3 pair 1 nokey 3 1 Number
iter 3 pair 2 nokey 5 1 Number
iter 3 end NotFound
doc 4 13
search 4 0 NotFound
search 4 1 NotFound
search 4 2 NotFound
search 4 3 NotFound
search 4 4 NotFound
search 4 5 NotFound
search 4 6 NotFound
search 4 7 NotFound
search 4 8 BadParameter
search 4 9 BadParameter
search 4 10 BadParameter
search 4 11 BadParameter
search 4 12 BadParameter
search 4 13 NotFound
search 4 14 Success 1 5 Array
search 4 15 Success 7 5 Array
search 4 16 NotFound
search 4 17 NotFound
search 4 18 NotFound
search 4 19 BadParameter
search 4 20 BadParameter
search 4 21 BadParameter
search 4 22 NotFound
search 4 23 NotFound
search 4 24 NotFound
search 4 25 NotFound
search 4 26 NotFound
search 4 27 Success 2 1 Number
search 4 28 Success 4 1 Number
search 4 29 Success 8 1 Number
search 4 30 NotFound
search 4 31 NotFound
search 4 32 NotFound
search 4 33 NotFound
search 4 34 BadParameter
search 4 35 NotFound
search 4 36 NotFound
search 4 37 NotFound
search 4 38 NotFound
iter 4 pair 0 nokey 1 5 Array
iter 4 pair 1 nokey 7 5 Array
iter 4 end NotFound
doc 5 23
search 5 0 Success 5 17 Array
search 5 1 NotFound
search 5 2 NotFound
search 5 3 NotFound
search 5 4 NotFound
search 5 5 NotFound
search 5 6 NotFound
search 5 7 NotFound
search 5 8 BadParameter
search 5 9 BadParameter
search 5 10 BadParameter
search 5 11 BadParameter
search 5 12 BadParameter
search 5 13 BadParameter
search 5 14 NotFound
search 5 15 NotFound
search 5 16 NotFound
search 5 17 NotFound
search 5 18 NotFound
search 5 19 BadParameter
search 5 20 BadParameter
search 5 21 BadParameter
search 5 22 Success 6 7 Object
search 5 23 Success 14 7 Object
search 5 24 NotFound
search 5 25 Success 11 1 Number
search 5 26 NotFound
search 5 27 NotFound
search 5 28 NotFound
search 5 29 NotFound
search 5 30 NotFound
search 5 31 NotFound
search 5 32 NotFound
search 5 33 NotFound
search 5 34 BadParameter
search 5 35 BadParameter
search 5 36 BadParameter
search 5 37 BadParameter
search 5 38 Success 11 1 Number
iter 5 pair 0 key 2 1 5 17 Array
iter 5 end NotFound
doc 6 13
search 6 0 NotFound
search 6 1 NotFound
search 6 2 Success 6 5 String
search 6 3 NotFound
search 6 4 NotFound
search 6 5 NotFound
search 6 6 NotFound
search 6 7 NotFound
search 6 8 BadParameter
search 6 9 BadParameter
search 6 10 BadParameter
search 6 11 BadParameter
search 6 12 BadParameter
search 6 13 NotFound
search 6 14 NotFound
search 6 15 NotFound
search 6 16 NotFound
search 6 17 NotFound
search 6 18 NotFound
search 6 19 BadParameter
search 6 20 BadParameter
search 6 21 BadParameter
search 6 22 NotFound
search 6 23 NotFound
search 6 24 NotFound
search 6 25 NotFound
search 6 26 NotFound
search 6 27 NotFound
search 6 28 NotFound
search 6 29 NotFound
search 6 30 NotFound
search 6 31 NotFound
search 6 32 NotFound
search 6 33 NotFound
search 6 34 BadParameter
search 6 35 NotFound
search 6 36 NotFound
search 6 37 NotFound
search 6 38 NotFound
iter 6 pair 0 key 2 1 6 5 String
iter 6 end NotFound
doc 7 8
search 7 0 NotFound
search 7 1 NotFound
search 7 2 Success 6 0 String
search 7 3 NotFound
search 7 4 NotFound
search 7 5 NotFound
search 7 6 NotFound
search 7 7 NotFound
search 7 8 BadParameter
search 7 9 BadParameter
search 7 10 BadParameter
search 7 11 BadParameter
search 7 12 BadParameter
search 7 13 NotFound
search 7 14 NotFound
search 7 15 NotFound
search 7 16 NotFound
search 7 17 NotFound
search 7 18 NotFound
search 7 19 BadParameter
search 7 20 BadParameter
search 7 21 BadParameter
search 7 22 NotFound
search 7 23 NotFound
search 7 24 NotFound
search 7 25 NotFound
search 7 26 NotFound
search 7 27 NotFound
search 7 28 NotFound
search 7 29 NotFound
search 7 30 NotFound
search 7 31 NotFound
search 7 32 NotFound
search 7 33 NotFound
search 7 34 BadParameter
search 7 35 NotFound
search 7 36 NotFound
search 7 37 NotFound
search 7 38 NotFound
iter 7 pair 0 key 2 1 6 0 String
iter 7 end NotFound
doc 8 12
search 8 0 NotFound
search 8 1 NotFound
search 8 2 Success 6 4 String
search 8 3 NotFound
search 8 4 NotFound
search 8 5 NotFound
search 8 6 NotFound
search 8 7 NotFound
search 8 8 BadParameter
search 8 9 BadParameter
search 8 10 BadParameter
search 8 11 BadParameter
search 8 12 BadParameter
search 8 13 NotFound
search 8 14 NotFound
search 8 15 NotFound
search 8 16 NotFound
search 8 17 NotFound
search 8 18 NotFound
search 8 19 BadParameter
search 8 20 BadParameter
search 8 21 BadParameter
search 8 22 NotFound
search 8 23 NotFound
search 8 24 NotFound
search 8 25 NotFound
search 8 26 NotFound
search 8 27 NotFound
search 8 28 NotFound
search 8 29 NotFound
search 8 30 NotFound
search 8 31 NotFound
search 8 32 NotFound
search 8 33 NotFound
search 8 34 BadParameter
search 8 35 NotFound
search 8 36 NotFound
search 8 37 NotFound
search 8 38 NotFound
iter 8 pair 0 key 2 1 6 4 String
iter 8 end NotFound
doc 9 14
search 9 0 NotFound
search 9 1 NotFound
search 9 2 Success 6 6 String
search 9 3 NotFound
search 9 4 NotFound
search 9 5 NotFound
search 9 6 NotFound
search 9 7 NotFound
search 9 8 BadParameter
search 9 9 BadParameter
search 9 10 BadParameter
search 9 11 BadParameter
search 9 12 BadParameter
search 9 13 NotFound
search 9 14 NotFound
search 9 15 NotFound
search 9 16 NotFound
search 9 17 NotFound
search 9 18 NotFound
search 9 19 BadParameter
search 9 20 BadParameter
search 9 21 BadParameter
search 9 22 NotFound
search 9 23 NotFound
search 9 24 NotFound
search 9 25 NotFound
search 9 26 NotFound
search 9 27 NotFound
search 9 28 NotFound
search 9 29 NotFound
search 9 30 NotFound
search 9 31 NotFound
search 9 32 NotFound
search 9 33 NotFound
search 9 34 BadParameter
search 9 35 NotFound
search 9 36 NotFound
search 9 37 NotFound
search 9 38 NotFound
iter 9 pair 0 key 2 1 6 6 String
iter 9 end NotFound
doc 10 9
search 10 0 NotFound
search 10 1 NotFound
search 10 2 NotFound
search 10 3 NotFound
search 10 4 NotFound
search 10 5 NotFound
search 10 6 NotFound
search 10 7 NotFound
search 10 8 BadParameter
search 10 9 BadParameter
search 10 10 BadParameter
search 10 11 BadParameter
search 10 12 BadParameter
search 10 13 NotFound
search 10 14 NotFound
search 10 15 NotFound
search 10 16 NotFound
search 10 17 NotFound
search 10 18 NotFound
search 10 19 BadParameter
search 10 20 BadParameter
search 10 21 BadParameter
search 10 22 NotFound
search 10 23 NotFound
search 10 24 NotFound
search 10 25 NotFound
search 10 26 NotFound
search 10 27 NotFound
search 10 28 NotFound
search 10 29 NotFound
search 10 30 NotFound
search 10 31 NotFound
search 10 32 NotFound
search 10 33 NotFound
search 10 34 BadParameter
search 10 35 NotFound
search 10 36 NotFound
search 10 37 NotFound
search 10 38 NotFound
iter 10 pair 0 key 2 3 7 1 Number
iter 10 end NotFound
doc 11 10
search 11 0 NotFound
search 11 1 NotFound
search 11 2 NotFound
search 11 3 NotFound
search 11 4 NotFound
search 11 5 NotFound
search 11 6 NotFound
search 11 7 NotFound
search 11 8 BadParameter
search 11 9 BadParameter
search 11 10 BadParameter
search 11 11 BadParameter
search 11 12 BadParameter
search 11 13 NotFound
search 11 14 NotFound
search 11 15 NotFound
search 11 16 NotFound
search 11 17 NotFound
search 11 18 NotFound
search 11 19 BadParameter
search 11 20 BadParameter
search 11 21 BadParameter
search 11 22 NotFound
search 11 23 NotFound
search 11 24 NotFound
search 11 25 NotFound
search 11 26 NotFound
search 11 27 NotFound
search 11 28 NotFound
search 11 29 NotFound
search 11 30 NotFound
search 11 31 NotFound
search 11 32 NotFound
search 11 33 NotFound
search 11 34 BadParameter
search 11 35 NotFound
search 11 36 NotFound
search 11 37 NotFound
search 11 38 NotFound
iter 11 pair 0 key 2 4 8 1 Number
iter 11 end NotFound
doc 12 6
search 12 0 NotFound
search 12 1 NotFound
search 12 2 NotFound
search 12 3 NotFound
search 12 4 NotFound
search 12 5 NotFound
search 12 6 NotFound
search 12 7 NotFound
search 12 8 BadParameter
search 12 9 BadParameter
search 12 10 BadParameter
search 12 11 BadParameter
search 12 12 BadParameter
search 12 13 NotFound
search 12 14 NotFound
search 12 15 NotFound
search 12 16 NotFound
search 12 17 NotFound
search 12 18 NotFound
search 12 19 BadParameter
search 12 20 BadParameter
search 12 21 BadParameter
search 12 22 NotFound
search 12 23 NotFound
search 12 24 NotFound
search 12 25 NotFound
search 12 26 NotFound
search 12 27 NotFound
search 12 28 NotFound
search 12 29 NotFound
search 12 30 NotFound
search 12 31 NotFound
search 12 32 NotFound
search 12 33 NotFound
search 12 34 BadParameter
search 12 35 NotFound
search 12 36 NotFound
search 12 37 NotFound
search 12 38 NotFound
iter 12 pair 0 key 2 0 4 1 Number
iter 12 end NotFound
doc 13 29
search 13 0 Success 5 4 True
search 13 1 Success 14 5 False
search 13 2 NotFound
search 13 3 Success 24 4 Null
search 13 4 NotFound
search 13 5 NotFound
search 13 6 NotFound
search 13 7 NotFound
search 13 8 BadParameter
search 13 9 BadParameter
search 13 10 BadParameter
search 13 11 BadParameter
search 13 12 BadParameter
search 13 13 BadParameter
search 13 14 NotFound
search 13 15 NotFound
search 13 16 NotFound
search 13 17 NotFound
search 13 18 NotFound
search 13 19 BadParameter
search 13 20 BadParameter
search 13 21 BadParameter
search 13 22 NotFound
search 13 23 NotFound
search 13 24 NotFound
search 13 25 NotFound
search 13 26 NotFound
search 13 27 NotFound
search 13 28 NotFound
search 13 29 NotFound
search 13 30 NotFound
search 13 31 NotFound
search 13 32 NotFound
search 13 33 NotFound
search 13 34 BadParameter
search 13 35 BadParameter
search 13 36 BadParameter
search 13 37 BadParameter
search 13 38 NotFound
iter 13 pair 0 key 2 1 5 4 True
iter 13 pair 1 key 11 1 14 5 False
iter 13 pair 2 key 21 1 24 4 Null
iter 13 end NotFound
doc 14 13
search 14 0 Success 5 7 Number
search 14 1 NotFound
search 14 2 NotFound
search 14 3 NotFound
search 14 4 NotFound
search 14 5 NotFound
search 14 6 NotFound
search 14 7 NotFound
search 14 8 BadParameter
search 14 9 BadParameter
search 14 10 BadParameter
search 14 11 BadParameter
search 14 12 BadParameter
search 14 13 BadParameter
search 14 14 NotFound
search 14 15 NotFound
search 14 16 NotFound
search 14 17 NotFound
search 14 18 NotFound
search 14 19 BadParameter
search 14 20 BadParameter
search 14 21 BadParameter
search 14 22 NotFound
search 14 23 NotFound
search 14 24 NotFound
search 14 25 NotFound
search 14 26 NotFound
search 14 27 NotFound
search 14 28 NotFound
search 14 29 NotFound
search 14 30 NotFound
search 14 31 NotFound
search 14 32 NotFound
search 14 33 NotFound
search 14 34 BadParameter
search 14 35 BadParameter
search 14 36 BadParameter
search 14 37 BadParameter
search 14 38 NotFound
iter 14 pair 0 key 2 1 5 7 Number
iter 14 end NotFound
doc 15 21
search 15 0 Success 8 1 Number
search 15 1 Success 18 1 Number
search 15 2 NotFound
search 15 3 NotFound
search 15 4 NotFound
search 15 5 NotFound
search 15 6 NotFound
search 15 7 NotFound
search 15 8 BadParameter
search 15 9 BadParameter
search 15 10 BadParameter
search 15 11 BadParameter
search 15 12 BadParameter
search 15 13 BadParameter
search 15 14 NotFound
search 15 15 NotFound
search 15 16 NotFound
search 15 17 NotFound
search 15 18 NotFound
search 15 19 BadParameter
search 15 20 BadParameter
search 15 21 BadParameter
search 15 22 NotFound
search 15 23 NotFound
search 15 24 NotFound
search 15 25 NotFound
search 15 26 NotFound
search 15 27 NotFound
search 15 28 NotFound
search 15 29 NotFound
search 15 30 NotFound
search 15 31 NotFound
search 15 32 NotFound
search 15 33 NotFound
search 15 34 BadParameter
search 15 35 BadParameter
search 15 36 BadParameter
search 15 37 BadParameter
search 15 38 NotFound
iter 15 pair 0 key 3 1 8 1 Number
iter 15 pair 1 key 13 1 18 1 Number
iter 15 end NotFound
doc 16 13
search 16 0 Success 5 1 Number
search 16 1 NotFound
search 16 2 NotFound
search 16 3 NotFound
search 16 4 NotFound
search 16 5 NotFound
search 16 6 NotFound
search 16 7 NotFound
search 16 8 BadParameter
search 16 9 BadParameter
search 16 10 BadParameter
search 16 11 BadParameter
search 16 12 BadParameter
search 16 13 BadParameter
search 16 14 NotFound
search 16 15 NotFound
search 16 16 NotFound
search 16 17 NotFound
search 16 18 NotFound
search 16 19 BadParameter
search 16 20 BadParameter
search 16 21 BadParameter
search 16 22 NotFound
search 16 23 NotFound
search 16 24 NotFound
search 16 25 NotFound
search 16 26 NotFound
search 16 27 NotFound
search 16 28 NotFound
search 16 29 NotFound
search 16 30 NotFound
search 16 31 NotFound
search 16 32 NotFound
search 16 33 NotFound
search 16 34 BadParameter
search 16 35 BadParameter
search 16 36 BadParameter
search 16 37 BadParameter
search 16 38 NotFound
iter 16 pair 0 key 2 1 5 1 Number
iter 16 pair 1 key 8 1 11 1 Number
iter 16 end NotFound
doc 17 2
search 17 0 NotFound
search 17 1 NotFound
search 17 2 NotFound
search 17 3 NotFound
search 17 4 NotFound
search 17 5 NotFound
search 17 6 NotFound
search 17 7 NotFound
search 17 8 BadParameter
search 17 9 BadParameter
search 17 10 BadParameter
search 17 11 BadParameter
search 17 12 BadParameter
search 17 13 NotFound
search 17 14 NotFound
search 17 15 NotFound
search 17 16 NotFound
search 17 17 NotFound
search 17 18 NotFound
search 17 19 BadParameter
search 17 20 BadParameter
search 17 21 BadParameter
search 17 22 NotFound
search 17 23 NotFound
search 17 24 NotFound
search 17 25 NotFound
search 17 26 NotFound
search 17 27 NotFound
search 17 28 NotFound
search 17 29 NotFound
search 17 30 NotFound
search 17 31 NotFound
search 17 32 NotFound
search 17 33 NotFound
search 17 34 BadParameter
search 17 35 NotFound
search 17 36 NotFound
search 17 37 NotFound
search 17 38 NotFound
iter 17 end NotFound
doc 18 2
search 18 0 NotFound
search 18 1 NotFound
search 18 2 NotFound
search 18 3 NotFound
search 18 4 NotFound
search 18 5 NotFound
search 18 6 NotFound
search 18 7 NotFound
search 18 8 BadParameter
search 18 9 BadParameter
search 18 10 BadParameter
search 18 11 BadParameter
search 18 12 BadParameter
search 18 13 NotFound
search 18 14 NotFound
search 18 15 NotFound
search 18 16 NotFound
search 18 17 NotFound
search 18 18 NotFound
search 18 19 BadParameter
search 18 20 BadParameter
search 18 21 BadParameter
search 18 22 NotFound
search 18 23 NotFound
search 18 24 NotFound
search 18 25 NotFound
search 18 26 NotFound
search 18 27 NotFound
search 18 28 NotFound
search 18 29 NotFound
search 18 30 NotFound
search 18 31 NotFound
search 18 32 NotFound
search 18 33 NotFound
search 18 34 BadParameter
search 18 35 NotFound
search 18 36 NotFound
search 18 37 NotFound
search 18 38 NotFound
iter 18 end NotFound
doc 19 8
search 19 0 Success 5 2 Array
search 19 1 NotFound
search 19 2 NotFound
search 19 3 NotFound
search 19 4 NotFound
search 19 5 NotFound
search 19 6 NotFound
search 19 7 NotFound
search 19 8 BadParameter
search 19 9 BadParameter
search 19 10 BadParameter
search 19 11 BadParameter
search 19 12 BadParameter
search 19 13 BadParameter
search 19 14 NotFound
search 19 15 NotFound
search 19 16 NotFound
search 19 17 NotFound
search 19 18 NotFound
search 19 19 BadParameter
search 19 20 BadParameter
search 19 21 BadParameter
search 19 22 NotFound
search 19 23 NotFound
search 19 24 NotFound
search 19 25 NotFound
search 19 26 NotFound
search 19 27 NotFound
search 19 28 NotFound
search 19 29 NotFound
search 19 30 NotFound
search 19 31 NotFound
search 19 32 NotFound
search 19 33 NotFound
search 19 34 BadParameter
search 19 35 BadParameter
search 19 36 BadParameter
search 19 37 BadParameter
search 19 38 NotFound
iter 19 pair 0 key 2 1 5 2 Array
iter 19 end NotFound
doc 20 8
search 20 0 Success 5 2 Object
search 20 1 NotFound
search 20 2 NotFound
search 20 3 NotFound
search 20 4 NotFound
search 20 5 NotFound
search 20 6 NotFound
search 20 7 NotFound
search 20 8 BadParameter
search 20 9 BadParameter
search 20 10 BadParameter
search 20 11 BadParameter
search 20 12 BadParameter
search 20 13 BadParameter
search 20 14 NotFound
search 20 15 NotFound
search 20 16 NotFound
search 20 17 NotFound
search 20 18 NotFound
search 20 19 BadParameter
search 20 20 BadParameter
search 20 21 BadParameter
search 20 22 NotFound
search 20 23 NotFound
search 20 24 NotFound
search 20 25 NotFound
search 20 26 NotFound
search 20 27 NotFound
search 20 28 NotFound
search 20 29 NotFound
search 20 30 NotFound
search 20 31 NotFound
search 20 32 NotFound
search 20 33 NotFound
search 20 34 BadParameter
search 20 35 BadParameter
search 20 36 BadParameter
search 20 37 BadParameter
search 20 38 NotFound
iter 20 pair 0 key 2 1 5 2 Object
iter 20 end NotFound
doc 21 17
search 21 0 NotFound
search 21 1 NotFound
search 21 2 NotFound
search 21 3 NotFound
search 21 4 NotFound
search 21 5 NotFound
search 21 6 NotFound
search 21 7 NotFound
search 21 8 BadParameter
search 21 9 BadParameter
search 21 10 BadParameter
search 21 11 BadParameter
search 21 12 BadParameter
search 21 13 NotFound
search 21 14 Success 1 7 Object
search 21 15 Success 9 7 Object
search 21 16 NotFound
search 21 17 NotFound
search 21 18 NotFound
search 21 19 BadParameter
search 21 20 BadParameter
search 21 21 BadParameter
search 21 22 NotFound
search 21 23 NotFound
search 21 24 NotFound
search 21 25 NotFound
search 21 26 NotFound
search 21 27 NotFound
search 21 28 NotFound
search 21 29 NotFound
search 21 30 NotFound
search 21 31 NotFound
search 21 32 NotFound
search 21 33 NotFound
search 21 34 BadParameter
search 21 35 NotFound
search 21 36 NotFound
search 21 37 NotFound
search 21 38 NotFound
iter 21 pair 0 nokey 1 7 Object
iter 21 pair 1 nokey 9 7 Object
iter 21 end NotFound
doc 22 18
search 22 0 Success 5 12 Array
search 22 1 NotFound
search 22 2 NotFound
search 22 3 NotFound
search 22 4 NotFound
search 22 5 NotFound
search 22 6 NotFound
search 22 7 NotFound
search 22 8 BadParameter
search 22 9 BadParameter
search 22 10 BadParameter
search 22 11 BadParameter
search 22 12 BadParameter
search 22 13 BadParameter
search 22 14 NotFound
search 22 15 NotFound
search 22 16 NotFound
search 22 17 NotFound
search 22 18 NotFound
search 22 19 BadParameter
search 22 20 BadParameter
search 22 21 BadParameter
search 22 22 Success 6 10 Array
search 22 23 NotFound
search 22 24 NotFound
search 22 25 NotFound
search 22 26 NotFound
search 22 27 NotFound
search 22 28 NotFound
search 22 29 NotFound
search 22 30 Success 9 4 String
search 22 31 NotFound
search 22 32 NotFound
search 22 33 NotFound
search 22 34 BadParameter
search 22 35 BadParameter
search 22 36 BadParameter
search 22 37 BadParameter
search 22 38 NotFound
iter 22 pair 0 key 2 1 5 12 Array
iter 22 end NotFound
doc 23 29
search 23 0 NotFound
search 23 1 NotFound
search 23 2 NotFound
search 23 3 NotFound
search 23 4 Success 7 21 Array
search 23 5 NotFound
search 23 6 NotFound
search 23 7 NotFound
search 23 8 BadParameter
search 23 9 BadParameter
search 23 10 BadParameter
search 23 11 BadParameter
search 23 12 BadParameter
search 23 13 NotFound
search 23 14 NotFound
search 23 15 NotFound
search 23 16 NotFound
search 23 17 NotFound
search 23 18 NotFound
search 23 19 BadParameter
search 23 20 BadParameter
search 23 21 BadParameter
search 23 22 NotFound
search 23 23 NotFound
search 23 24 NotFound
search 23 25 NotFound
search 23 26 NotFound
search 23 27 NotFound
search 23 28 NotFound
search 23 29 NotFound
search 23 30 NotFound
search 23 31 Success 26 1 Number
search 23 32 NotFound
search 23 33 NotFound
search 23 34 BadParameter
search 23 35 NotFound
search 23 36 NotFound
search 23 37 NotFound
search 23 38 NotFound
iter 23 pair 0 key 2 3 7 21 Array
iter 23 end NotFound
doc 24 0
search 24 0 BadParameter
search 24 1 BadParameter
search 24 2 BadParameter
search 24 3 BadParameter
search 24 4 BadParameter
search 24 5 BadParameter
search 24 6 BadParameter
search 24 7 BadParameter
search 24 8 BadParameter
search 24 9 BadParameter
search 24 10 BadParameter
search 24 11 BadParameter
search 24 12 BadParameter
search 24 13 BadParameter
search 24 14 BadParameter
search 24 15 BadParameter
search 24 16 BadParameter
search 24 17 BadParameter
search 24 18 BadParameter
search 24 19 BadParameter
search 24 20 BadParameter
search 24 21 BadParameter
search 24 22 BadParameter
search 24 23 BadParameter
search 24 24 BadParameter
search 24 25 BadParameter
search 24 26 BadParameter
search 24 27 BadParameter
search 24 28 BadParameter
search 24 29 BadParameter
search 24 30 BadParameter
search 24 31 BadParameter
search 24 32 BadParameter
search 24 33 BadParameter
search 24 34 BadParameter
search 24 35 BadParameter
search 24 36 BadParameter
search 24 37 BadParameter
search 24 38 BadParameter
iter 24 end BadParameter
doc 25 3
search 25 0 NotFound
search 25 1 NotFound
search 25 2 NotFound
search 25 3 NotFound
search 25 4 NotFound
search 25 5 NotFound
search 25 6 NotFound
search 25 7 NotFound
search 25 8 BadParameter
search 25 9 BadParameter
search 25 10 BadParameter
search 25 11 BadParameter
search 25 12 BadParameter
search 25 13 NotFound
search 25 14 NotFound
search 25 15 NotFound
search 25 16 NotFound
search 25 17 NotFound
search 25 18 NotFound
search 25 19 BadParameter
search 25 20 BadParameter
search 25 21 BadParameter
search 25 22 NotFound
search 25 23 NotFound
search 25 24 NotFound
search 25 25 NotFound
search 25 26 NotFound
search 25 27 NotFound
search 25 28 NotFound
search 25 29 NotFound
search 25 30 NotFound
search 25 31 NotFound
search 25 32 NotFound
search 25 33 NotFound
search 25 34 BadParameter
search 25 35 NotFound
search 25 36 NotFound
search 25 37 NotFound
search 25 38 NotFound
iter 25 end NotFound
doc 26 6
search 26 0 NotFound
search 26 1 NotFound
search 26 2 NotFound
search 26 3 NotFound
search 26 4 NotFound
search 26 5 NotFound
search 26 6 NotFound
search 26 7 NotFound
search 26 8 BadParameter
search 26 9 BadParameter
search 26 10 BadParameter
search 26 11 BadParameter
search 26 12 BadParameter
search 26 13 NotFound
search 26 14 NotFound
search 26 15 NotFound
search 26 16 NotFound
search 26 17 NotFound
search 26 18 NotFound
search 26 19 BadParameter
search 26 20 BadParameter
search 26 21 BadParameter
search 26 22 NotFound
search 26 23 NotFound
search 26 24 NotFound
search 26 25 NotFound
search 26 26 NotFound
search 26 27 NotFound
search 26 28 NotFound
search 26 29 NotFound
search 26 30 NotFound
search 26 31 NotFound
search 26 32 NotFound
search 26 33 NotFound
search 26 34 BadParameter
search 26 35 NotFound
search 26 36 NotFound
search 26 37 NotFound
search 26 38 NotFound
iter 26 end IllegalDocument
doc 27 2
search 27 0 NotFound
search 27 1 NotFound
search 27 2 NotFound
search 27 3 NotFound
search 27 4 NotFound
search 27 5 NotFound
search 27 6 NotFound
search 27 7 NotFound
search 27 8 BadParameter
search 27 9 BadParameter
search 27 10 BadParameter
search 27 11 BadParameter
search 27 12 BadParameter
search 27 13 NotFound
search 27 14 NotFound
search 27 15 NotFound
search 27 16 NotFound
search 27 17 NotFound
search 27 18 NotFound
search 27 19 BadParameter
search 27 20 BadParameter
search 27 21 BadParameter
search 27 22 NotFound
search 27 23 NotFound
search 27 24 NotFound
search 27 25 NotFound
search 27 26 NotFound
search 27 27 NotFound
search 27 28 NotFound
search 27 29 NotFound
search 27 30 NotFound
search 27 31 NotFound
search 27 32 NotFound
search 27 33 NotFound
search 27 34 BadParameter
search 27 35 NotFound
search 27 36 NotFound
search 27 37 NotFound
search 27 38 NotFound
iter 27 end IllegalDocument
doc 28 111
search 28 0 NotFound
search 28 1 NotFound
search 28 2 NotFound
search 28 3 NotFound
search 28 4 NotFound
search 28 5 NotFound
search 28 6 NotFound
search 28 7 NotFound
search 28 8 BadParameter
search 28 9 BadParameter
search 28 10 BadParameter
search 28 11 BadParameter
search 28 12 BadParameter
search 28 13 NotFound
search 28 14 Success 1 1 Number
search 28 15 Success 3 1 Number
search 28 16 Success 5 1 Number
search 28 17 Success 7 1 Number
search 28 18 Success 21 2 Number
search 28 19 BadParameter
search 28 20 BadParameter
search 28 21 BadParameter
search 28 22 NotFound
search 28 23 NotFound
search 28 24 NotFound
search 28 25 NotFound
search 28 26 NotFound
search 28 27 NotFound
search 28 28 NotFound
search 28 29 NotFound
search 28 30 NotFound
search 28 31 NotFound
search 28 32 NotFound
search 28 33 NotFound
search 28 34 BadParameter
search 28 35 NotFound
search 28 36 NotFound
search 28 37 NotFound
search 28 38 NotFound
iter 28 pair 0 nokey 1 1 Number
iter 28 pair 1 nokey 3 1 Number
iter 28 pair 2 nokey 5 1 Number
iter 28 pair 3 nokey 7 1 Number
iter 28 pair 4 nokey 9 1 Number
iter 28 pair 5 nokey 11 1 Number
iter 28 pair 6 nokey 13 1 Number
iter 28 pair 7 nokey 15 1 Number
iter 28 pair 8 nokey 17 1 Number
iter 28 pair 9 nokey 19 1 Number
iter 28 pair 10 nokey 21 2 Number
iter 28 pair 11 nokey 24 2 Number
iter 28 pair 12 nokey 27 2 Number
iter 28 pair 13 nokey 30 2 Number
iter 28 pair 14 nokey 33 2 Number
iter 28 pair 15 nokey 36 2 Number
iter 28 pair 16 nokey 39 2 Number
iter 28 pair 17 nokey 42 2 Number
iter 28 pair 18 nokey 45 2 Number
iter 28 pair 19 nokey 48 2 Number
iter 28 pair 20 nokey 51 2 Number
iter 28 pair 21 nokey 54 2 Number
iter 28 pair 22 nokey 57 2 Number
iter 28 pair 23 nokey 60 2 Number
iter 28 pair 24 nokey 63 2 Number
iter 28 pair 25 nokey 66 2 Number
iter 28 pair 26 nokey 69 2 Number
iter 28 pair 27 nokey 72 2 Number
iter 28 pair 28 nokey 75 2 Number
iter 28 pair 29 nokey 78 2 Number
iter 28 pair 30 nokey 81 2 Number
iter 28 pair 31 nokey 84 2 Number
iter 28 capped
doc 29 89
search 29 0 NotFound
search 29 1 NotFound
search 29 2 NotFound
search 29 3 NotFound
search 29 4 NotFound
search 29 5 NotFound
search 29 6 NotFound
search 29 7 NotFound
search 29 8 BadParameter
search 29 9 BadParameter
search 29 10 BadParameter
search 29 11 BadParameter
search 29 12 BadParameter
search 29 13 NotFound
search 29 14 NotFound
search 29 15 NotFound
search 29 16 NotFound
search 29 17 NotFound
search 29 18 NotFound
search 29 19 BadParameter
search 29 20 BadParameter
search 29 21 BadParameter
search 29 22 NotFound
search 29 23 NotFound
search 29 24 NotFound
search 29 25 NotFound
search 29 26 NotFound
search 29 27 NotFound
search 29 28 NotFound
search 29 29 NotFound
search 29 30 NotFound
search 29 31 NotFound
search 29 32 NotFound
search 29 33 NotFound
search 29 34 BadParameter
search 29 35 NotFound
search 29 36 NotFound
search 29 37 NotFound
search 29 38 NotFound
iter 29 pair 0 key 2 2 6 1 Number
iter 29 pair 1 key 9 2 13 1 Number
iter 29 pair 2 key 16 2 20 1 Number
iter 29 pair 3 key 23 2 27 1 Number
iter 29 pair 4 key 30 2 34 1 Number
iter 29 pair 5 key 37 2 41 1 Number
iter 29 pair 6 key 44 2 48 1 Number
iter 29 pair 7 key 51 2 55 1 Number
iter 29 pair 8 key 58 2 62 1 Number
iter 29 pair 9 key 65 2 69 1 Number
iter 29 pair 10 key 72 3 77 2 Number
iter 29 pair 11 key 81 3 86 2 Number
iter 29 end NotFound
file i_number_double_huge_neg_exp.json 14
fsearch i_number_double_huge_neg_exp.json a NotFound
fsearch i_number_double_huge_neg_exp.json [0] Success 1 12 Number
fsearch i_number_double_huge_neg_exp.json a.b NotFound
fiter i_number_double_huge_neg_exp.json pair 0 nokey 1 12 Number
fiter i_number_double_huge_neg_exp.json end NotFound
file i_number_huge_exp.json 137
fsearch i_number_huge_exp.json a NotFound
fsearch i_number_huge_exp.json [0] Success 1 135 Number
fsearch i_number_huge_exp.json a.b NotFound
fiter i_number_huge_exp.json pair 0 nokey 1 135 Number
fiter i_number_huge_exp.json end NotFound
file i_number_neg_int_huge_exp.json 10
fsearch i_number_neg_int_huge_exp.json a NotFound
fsearch i_number_neg_int_huge_exp.json [0] Success 1 8 Number
fsearch i_number_neg_int_huge_exp.json a.b NotFound
fiter i_number_neg_int_huge_exp.json pair 0 nokey 1 8 Number
fiter i_number_neg_int_huge_exp.json end NotFound
file i_number_pos_double_huge_exp.json 11
fsearch i_number_pos_double_huge_exp.json a NotFound
fsearch i_number_pos_double_huge_exp.json [0] Success 1 9 Number
fsearch i_number_pos_double_huge_exp.json a.b NotFound
fiter i_number_pos_double_huge_exp.json pair 0 nokey 1 9 Number
fiter i_number_pos_double_huge_exp.json end NotFound
file i_number_real_neg_overflow.json 16
fsearch i_number_real_neg_overflow.json a NotFound
fsearch i_number_real_neg_overflow.json [0] Success 1 14 Number
fsearch i_number_real_neg_overflow.json a.b NotFound
fiter i_number_real_neg_overflow.json pair 0 nokey 1 14 Number
fiter i_number_real_neg_overflow.json end NotFound
file i_number_real_pos_overflow.json 15
fsearch i_number_real_pos_overflow.json a NotFound
fsearch i_number_real_pos_overflow.json [0] Success 1 13 Number
fsearch i_number_real_pos_overflow.json a.b NotFound
fiter i_number_real_pos_overflow.json pair 0 nokey 1 13 Number
fiter i_number_real_pos_overflow.json end NotFound
file i_number_real_underflow.json 15
fsearch i_number_real_underflow.json a NotFound
fsearch i_number_real_underflow.json [0] Success 1 13 Number
fsearch i_number_real_underflow.json a.b NotFound
fiter i_number_real_underflow.json pair 0 nokey 1 13 Number
fiter i_number_real_underflow.json end NotFound
file i_number_too_big_neg_int.json 33
fsearch i_number_too_big_neg_int.json a NotFound
fsearch i_number_too_big_neg_int.json [0] Success 1 31 Number
fsearch i_number_too_big_neg_int.json a.b NotFound
fiter i_number_too_big_neg_int.json pair 0 nokey 1 31 Number
fiter i_number_too_big_neg_int.json end NotFound
file i_number_too_big_pos_int.json 23
fsearch i_number_too_big_pos_int.json a NotFound
fsearch i_number_too_big_pos_int.json [0] Success 1 21 Number
fsearch i_number_too_big_pos_int.json a.b NotFound
fiter i_number_too_big_pos_int.json pair 0 nokey 1 21 Number
fiter i_number_too_big_pos_int.json end NotFound
file i_number_very_big_negative_int.json 51
fsearch i_number_very_big_negative_int.json a NotFound
fsearch i_number_very_big_negative_int.json [0] Success 1 49 Number
fsearch i_number_very_big_negative_int.json a.b NotFound
fiter i_number_very_big_negative_int.json pair 0 nokey 1 49 Number
fiter i_number_very_big_negative_int.json end NotFound
file i_object_key_lone_2nd_surrogate.json 12
fsearch i_object_key_lone_2nd_surrogate.json a NotFound
fsearch i_object_key_lone_2nd_surrogate.json [0] NotFound
fsearch i_object_key_lone_2nd_surrogate.json a.b NotFound
fiter i_object_key_lone_2nd_surrogate.json end NotFound
file i_string_1st_surrogate_but_2nd_missing.json 10
fsearch i_string_1st_surrogate_but_2nd_missing.json a NotFound
fsearch i_string_1st_surrogate_but_2nd_missing.json [0] NotFound
fsearch i_string_1st_surrogate_but_2nd_missing.json a.b NotFound
fiter i_string_1st_surrogate_but_2nd_missing.json end NotFound
file i_string_1st_valid_surrogate_2nd_invalid.json 16
fsearch i_string_1st_valid_surrogate_2nd_invalid.json a NotFound
fsearch i_string_1st_valid_surrogate_2nd_invalid.json [0] NotFound
fsearch i_string_1st_valid_surrogate_2nd_invalid.json a.b NotFound
fiter i_string_1st_valid_surrogate_2nd_invalid.json end NotFound
file i_string_UTF-16LE_with_BOM.json 12
fsearch i_string_UTF-16LE_with_BOM.json a NotFound
fsearch i_string_UTF-16LE_with_BOM.json [0] NotFound
fsearch i_string_UTF-16LE_with_BOM.json a.b NotFound
fiter i_string_UTF-16LE_with_BOM.json end IllegalDocument
file i_string_UTF-8_invalid_sequence.json 10
fsearch i_string_UTF-8_invalid_sequence.json a NotFound
fsearch i_string_UTF-8_invalid_sequence.json [0] NotFound
fsearch i_string_UTF-8_invalid_sequence.json a.b NotFound
fiter i_string_UTF-8_invalid_sequence.json end NotFound
file i_string_UTF8_surrogate_U+D800.json 7
fsearch i_string_UTF8_surrogate_U+D800.json a NotFound
fsearch i_string_UTF8_surrogate_U+D800.json [0] NotFound
fsearch i_string_UTF8_surrogate_U+D800.json a.b NotFound
fiter i_string_UTF8_surrogate_U+D800.json end NotFound
file i_string_incomplete_surrogate_and_escape_valid.json 12
fsearch i_string_incomplete_surrogate_and_escape_valid.json a NotFound
fsearch i_string_incomplete_surrogate_and_escape_valid.json [0] NotFound
fsearch i_string_incomplete_surrogate_and_escape_valid.json a.b NotFound
fiter i_string_incomplete_surrogate_and_escape_valid.json end NotFound
file i_string_incomplete_surrogate_pair.json 11
fsearch i_string_incomplete_surrogate_pair.json a NotFound
fsearch i_string_incomplete_surrogate_pair.json [0] NotFound
fsearch i_string_incomplete_surrogate_pair.json a.b NotFound
fiter i_string_incomplete_surrogate_pair.json end NotFound
file i_string_incomplete_surrogates_escape_valid.json 18
fsearch i_string_incomplete_surrogates_escape_valid.json a NotFound
fsearch i_string_incomplete_surrogates_escape_valid.json [0] NotFound
fsearch i_string_incomplete_surrogates_escape_valid.json a.b NotFound
fiter i_string_incomplete_surrogates_escape_valid.json end NotFound
file i_string_invalid_lonely_surrogate.json 10
fsearch i_string_invalid_lonely_surrogate.json a NotFound
fsearch i_string_invalid_lonely_surrogate.json [0] NotFound
fsearch i_string_invalid_lonely_surrogate.json a.b NotFound
fiter i_string_invalid_lonely_surrogate.json end NotFound
file i_string_invalid_surrogate.json 13
fsearch i_string_invalid_surrogate.json a NotFound
fsearch i_string_invalid_surrogate.json [0] NotFound
fsearch i_string_invalid_surrogate.json a.b NotFound
fiter i_string_invalid_surrogate.json end NotFound
file i_string_invalid_utf-8.json 5
fsearch i_string_invalid_utf-8.json a NotFound
fsearch i_string_invalid_utf-8.json [0] NotFound
fsearch i_string_invalid_utf-8.json a.b NotFound
fiter i_string_invalid_utf-8.json end NotFound
file i_string_inverted_surrogates_U+1D11E.json 16
fsearch i_string_inverted_surrogates_U+1D11E.json a NotFound
fsearch i_string_inverted_surrogates_U+1D11E.json [0] NotFound
fsearch i_string_inverted_surrogates_U+1D11E.json a.b NotFound
fiter i_string_inverted_surrogates_U+1D11E.json end NotFound
file i_string_iso_latin_1.json 5
fsearch i_string_iso_latin_1.json a NotFound
fsearch i_string_iso_latin_1.json [0] NotFound
fsearch i_string_iso_latin_1.json a.b NotFound
fiter i_string_iso_latin_1.json end NotFound
file i_string_lone_second_surrogate.json 10
fsearch i_string_lone_second_surrogate.json a NotFound
fsearch i_string_lone_second_surrogate.json [0] NotFound
fsearch i_string_lone_second_surrogate.json a.b NotFound
fiter i_string_lone_second_surrogate.json end NotFound
file i_string_lone_utf8_continuation_byte.json 5
fsearch i_string_lone_utf8_continuation_byte.json a NotFound
fsearch i_string_lone_utf8_continuation_byte.json [0] NotFound
fsearch i_string_lone_utf8_continuation_byte.json a.b NotFound
fiter i_string_lone_utf8_continuation_byte.json end NotFound
file i_string_not_in_unicode_range.json 8
fsearch i_string_not_in_unicode_range.json a NotFound
fsearch i_string_not_in_unicode_range.json [0] NotFound
fsearch i_string_not_in_unicode_range.json a.b NotFound
fiter i_string_not_in_unicode_range.json end NotFound
file i_string_overlong_sequence_2_bytes.json 6
fsearch i_string_overlong_sequence_2_bytes.json a NotFound
fsearch i_string_overlong_sequence_2_bytes.json [0] NotFound
fsearch i_string_overlong_sequence_2_bytes.json a.b NotFound
fiter i_string_overlong_sequence_2_bytes.json end NotFound
file i_string_overlong_sequence_6_bytes.json 10
fsearch i_string_overlong_sequence_6_bytes.json a NotFound
fsearch i_string_overlong_sequence_6_bytes.json [0] NotFound
fsearch i_string_overlong_sequence_6_bytes.json a.b NotFound
fiter i_string_overlong_sequence_6_bytes.json end NotFound
file i_string_overlong_sequence_6_bytes_null.json 10
fsearch i_string_overlong_sequence_6_bytes_null.json a NotFound
fsearch i_string_overlong_sequence_6_bytes_null.json [0] NotFound
fsearch i_string_overlong_sequence_6_bytes_null.json a.b NotFound
fiter i_string_overlong_sequence_6_bytes_null.json end NotFound
file i_string_truncated-utf-8.json 6
fsearch i_string_truncated-utf-8.json a NotFound
fsearch i_string_truncated-utf-8.json [0] NotFound
fsearch i_string_truncated-utf-8.json a.b NotFound
fiter i_string_truncated-utf-8.json end NotFound
file i_string_utf16BE_no_BOM.json 10
fsearch i_string_utf16BE_no_BOM.json a NotFound
fsearch i_string_utf16BE_no_BOM.json [0] NotFound
fsearch i_string_utf16BE_no_BOM.json a.b NotFound
fiter i_string_utf16BE_no_BOM.json end IllegalDocument
file i_string_utf16LE_no_BOM.json 10
fsearch i_string_utf16LE_no_BOM.json a NotFound
fsearch i_string_utf16LE_no_BOM.json [0] NotFound
fsearch i_string_utf16LE_no_BOM.json a.b NotFound
fiter i_string_utf16LE_no_BOM.json end NotFound
file i_structure_500_nested_arrays.json 1000
fsearch i_structure_500_nested_arrays.json a NotFound
fsearch i_structure_500_nested_arrays.json [0] NotFound
fsearch i_structure_500_nested_arrays.json a.b NotFound
fiter i_structure_500_nested_arrays.json end NotFound
file i_structure_UTF-8_BOM_empty_object.json 5
fsearch i_structure_UTF-8_BOM_empty_object.json a NotFound
fsearch i_structure_UTF-8_BOM_empty_object.json [0] NotFound
fsearch i_structure_UTF-8_BOM_empty_object.json a.b NotFound
fiter i_structure_UTF-8_BOM_empty_object.json end IllegalDocument
file n_array_1_true_without_comma.json 8
fsearch n_array_1_true_without_comma.json a NotFound
fsearch n_array_1_true_without_comma.json [0] Success 1 1 Number
fsearch n_array_1_true_without_comma.json a.b NotFound
fiter n_array_1_true_without_comma.json pair 0 nokey 1 1 Number
fiter n_array_1_true_without_comma.json pair 1 nokey 3 4 True
fiter n_array_1_true_without_comma.json end NotFound
file n_array_a_invalid_utf8.json 4
fsearch n_array_a_invalid_utf8.json a NotFound
fsearch n_array_a_invalid_utf8.json [0] NotFound
fsearch n_array_a_invalid_utf8.json a.b NotFound
fiter n_array_a_invalid_utf8.json end NotFound
file n_array_colon_instead_of_comma.json 7
fsearch n_array_colon_instead_of_comma.json a NotFound
fsearch n_array_colon_instead_of_comma.json [0] Success 2 0 String
fsearch n_array_colon_instead_of_comma.json a.b NotFound
fiter n_array_colon_instead_of_comma.json pair 0 nokey 2 0 String
fiter n_array_colon_instead_of_comma.json end NotFound
file n_array_comma_after_close.json 5
fsearch n_array_comma_after_close.json a NotFound
fsearch n_array_comma_after_close.json [0] Success 2 0 String
fsearch n_array_comma_after_close.json a.b NotFound
fiter n_array_comma_after_close.json pair 0 nokey 2 0 String
fiter n_array_comma_after_close.json end NotFound
file n_array_comma_and_number.json 4
fsearch n_array_comma_and_number.json a NotFound
fsearch n_array_comma_and_number.json [0] NotFound
fsearch n_array_comma_and_number.json a.b NotFound
fiter n_array_comma_and_number.json end NotFound
file n_array_double_comma.json 6
fsearch n_array_double_comma.json a NotFound
fsearch n_array_double_comma.json [0] Success 1 1 Number
fsearch n_array_double_comma.json a.b NotFound
fiter n_array_double_comma.json pair 0 nokey 1 1 Number
fiter n_array_double_comma.json end NotFound
file n_array_double_extra_comma.json 7
fsearch n_array_double_extra_comma.json a NotFound
fsearch n_array_double_extra_comma.json [0] Success 2 1 String
fsearch n_array_double_extra_comma.json a.b NotFound
fiter n_array_double_extra_comma.json pair 0 nokey 2 1 String
fiter n_array_double_extra_comma.json end NotFound
file n_array_extra_close.json 6
fsearch n_array_extra_close.json a NotFound
fsearch n_array_extra_close.json [0] Success 2 1 String
fsearch n_array_extra_close.json a.b NotFound
fiter n_array_extra_close.json pair 0 nokey 2 1 String
fiter n_array_extra_close.json end NotFound
file n_array_extra_comma.json 5
fsearch n_array_extra_comma.json a NotFound
fsearch n_array_extra_comma.json [0] Success 2 0 String
fsearch n_array_extra_comma.json a.b NotFound
fiter n_array_extra_comma.json pair 0 nokey 2 0 String
fiter n_array_extra_comma.json end NotFound
file n_array_incomplete.json 4
fsearch n_array_incomplete.json a NotFound
fsearch n_array_incomplete.json [0] Success 2 1 String
fsearch n_array_incomplete.json a.b NotFound
fiter n_array_incomplete.json pair 0 nokey 2 1 String
fiter n_array_incomplete.json end NotFound
file n_array_incomplete_invalid_value.json 2
fsearch n_array_incomplete_invalid_value.json a NotFound
fsearch n_array_incomplete_invalid_value.json [0] NotFound
fsearch n_array_incomplete_invalid_value.json a.b NotFound
fiter n_array_incomplete_invalid_value.json end NotFound
file n_array_inner_array_no_comma.json 6
fsearch n_array_inner_array_no_comma.json a NotFound
fsearch n_array_inner_array_no_comma.json [0] Success 1 1 Number
fsearch n_array_inner_array_no_comma.json a.b NotFound
fiter n_array_inner_array_no_comma.json pair 0 nokey 1 1 Number
fiter n_array_inner_array_no_comma.json pair 1 nokey 2 3 Array
fiter n_array_inner_array_no_comma.json end NotFound
file n_array_invalid_utf8.json 3
fsearch n_array_invalid_utf8.json a NotFound
fsearch n_array_invalid_utf8.json [0] NotFound
fsearch n_array_invalid_utf8.json a.b NotFound
fiter n_array_invalid_utf8.json end NotFound
file n_array_items_separated_by_semicolon.json 5
fsearch n_array_items_separated_by_semicolon.json a NotFound
fsearch n_array_items_separated_by_semicolon.json [0] Success 1 1 Number
fsearch n_array_items_separated_by_semicolon.json a.b NotFound
fiter n_array_items_separated_by_semicolon.json pair 0 nokey 1 1 Number
fiter n_array_items_separated_by_semicolon.json end NotFound
file n_array_just_comma.json 3
fsearch n_array_just_comma.json a NotFound
fsearch n_array_just_comma.json [0] NotFound
fsearch n_array_just_comma.json a.b NotFound
fiter n_array_just_comma.json end NotFound
file n_array_just_minus.json 3
fsearch n_array_just_minus.json a NotFound
fsearch n_array_just_minus.json [0] NotFound
fsearch n_array_just_minus.json a.b NotFound
fiter n_array_just_minus.json end NotFound
file n_array_missing_value.json 9
fsearch n_array_missing_value.json a NotFound
fsearch n_array_missing_value.json [0] NotFound
fsearch n_array_missing_value.json a.b NotFound
fiter n_array_missing_value.json end NotFound
file n_array_newlines_unclosed.json 13
fsearch n_array_newlines_unclosed.json a NotFound
fsearch n_array_newlines_unclosed.json [0] Success 2 1 String
fsearch n_array_newlines_unclosed.json a.b NotFound
fiter n_array_newlines_unclosed.json pair 0 nokey 2 1 String
fiter n_array_newlines_unclosed.json pair 1 nokey 7 1 Number
fiter n_array_newlines_unclosed.json pair 2 nokey 11 1 Number
fiter n_array_newlines_unclosed.json end NotFound
file n_array_number_and_comma.json 4
fsearch n_array_number_and_comma.json a NotFound
fsearch n_array_number_and_comma.json [0] Success 1 1 Number
fsearch n_array_number_and_comma.json a.b NotFound
fiter n_array_number_and_comma.json pair 0 nokey 1 1 Number
fiter n_array_number_and_comma.json end NotFound
file n_array_number_and_several_commas.json 5
fsearch n_array_number_and_several_commas.json a NotFound
fsearch n_array_number_and_several_commas.json [0] Success 1 1 Number
fsearch n_array_number_and_several_commas.json a.b NotFound
fiter n_array_number_and_several_commas.json pair 0 nokey 1 1 Number
fiter n_array_number_and_several_commas.json end NotFound
file n_array_spaces_vertical_tab_formfeed.json 8
fsearch n_array_spaces_vertical_tab_formfeed.json a NotFound
fsearch n_array_spaces_vertical_tab_formfeed.json [0] NotFound
fsearch n_array_spaces_vertical_tab_formfeed.json a.b NotFound
fiter n_array_spaces_vertical_tab_formfeed.json end NotFound
file n_array_star_inside.json 3
fsearch n_array_star_inside.json a NotFound
fsearch n_array_star_inside.json [0] NotFound
fsearch n_array_star_inside.json a.b NotFound
fiter n_array_star_inside.json end NotFound
file n_array_unclosed.json 3
fsearch n_array_unclosed.json a NotFound
fsearch n_array_unclosed.json [0] Success 2 0 String
fsearch n_array_unclosed.json a.b NotFound
fiter n_array_unclosed.json pair 0 nokey 2 0 String
fiter n_array_unclosed.json end NotFound
file n_array_unclosed_trailing_comma.json 3
fsearch n_array_unclosed_trailing_comma.json a NotFound
fsearch n_array_unclosed_trailing_comma.json [0] Success 1 1 Number
fsearch n_array_unclosed_trailing_comma.json a.b NotFound
fiter n_array_unclosed_trailing_comma.json pair 0 nokey 1 1 Number
fiter n_array_unclosed_trailing_comma.json end NotFound
file n_array_unclosed_with_new_lines.json 10
fsearch n_array_unclosed_with_new_lines.json a NotFound
fsearch n_array_unclosed_with_new_lines.json [0] Success 1 1 Number
fsearch n_array_unclosed_with_new_lines.json a.b NotFound
fiter n_array_unclosed_with_new_lines.json pair 0 nokey 1 1 Number
fiter n_array_unclosed_with_new_lines.json pair 1 nokey 5 1 Number
fiter n_array_unclosed_with_new_lines.json pair 2 nokey 9 1 Number
fiter n_array_unclosed_with_new_lines.json end NotFound
file n_array_unclosed_with_object_inside.json 3
fsearch n_array_unclosed_with_object_inside.json a NotFound
fsearch n_array_unclosed_with_object_inside.json [0] Success 1 2 Object
fsearch n_array_unclosed_with_object_inside.json a.b NotFound
fiter n_array_unclosed_with_object_inside.json pair 0 nokey 1 2 Object
fiter n_array_unclosed_with_object_inside.json end NotFound
file n_incomplete_false.json 6
fsearch n_incomplete_false.json a NotFound
fsearch n_incomplete_false.json [0] NotFound
fsearch n_incomplete_false.json a.b NotFound
fiter n_incomplete_false.json end NotFound
file n_incomplete_null.json 5
fsearch n_incomplete_null.json a NotFound
fsearch n_incomplete_null.json [0] NotFound
fsearch n_incomplete_null.json a.b NotFound
fiter n_incomplete_null.json end NotFound
file n_incomplete_true.json 5
fsearch n_incomplete_true.json a NotFound
fsearch n_incomplete_true.json [0] NotFound
fsearch n_incomplete_true.json a.b NotFound
fiter n_incomplete_true.json end NotFound
file n_multidigit_number_then_00.json 4
fsearch n_multidigit_number_then_00.json a NotFound
fsearch n_multidigit_number_then_00.json [0] NotFound
fsearch n_multidigit_number_then_00.json a.b NotFound
fiter n_multidigit_number_then_00.json end IllegalDocument
file n_number_++.json 8
fsearch n_number_++.json a NotFound
fsearch n_number_++.json [0] NotFound
fsearch n_number_++.json a.b NotFound
fiter n_number_++.json end NotFound
file n_number_+1.json 4
fsearch n_number_+1.json a NotFound
fsearch n_number_+1.json [0] NotFound
fsearch n_number_+1.json a.b NotFound
fiter n_number_+1.json end NotFound
file n_number_+Inf.json 6
fsearch n_number_+Inf.json a NotFound
fsearch n_number_+Inf.json [0] NotFound
fsearch n_number_+Inf.json a.b NotFound
fiter n_number_+Inf.json end NotFound
file n_number_-01.json 5
fsearch n_number_-01.json a NotFound
fsearch n_number_-01.json [0] Success 1 2 Number
fsearch n_number_-01.json a.b NotFound
fiter n_number_-01.json pair 0 nokey 1 2 Number
fiter n_number_-01.json pair 1 nokey 3 1 Number
fiter n_number_-01.json end NotFound
file n_number_-1.0..json 7
fsearch n_number_-1.0..json a NotFound
fsearch n_number_-1.0..json [0] Success 1 4 Number
fsearch n_number_-1.0..json a.b NotFound
fiter n_number_-1.0..json pair 0 nokey 1 4 Number
fiter n_number_-1.0..json end NotFound
file n_number_-2..json 5
fsearch n_number_-2..json a NotFound
fsearch n_number_-2..json [0] Success 1 2 Number
fsearch n_number_-2..json a.b NotFound
fiter n_number_-2..json pair 0 nokey 1 2 Number
fiter n_number_-2..json end NotFound
file n_number_-NaN.json 6
fsearch n_number_-NaN.json a NotFound
fsearch n_number_-NaN.json [0] NotFound
fsearch n_number_-NaN.json a.b NotFound
fiter n_number_-NaN.json end NotFound
file n_number_.-1.json 5
fsearch n_number_.-1.json a NotFound
fsearch n_number_.-1.json [0] NotFound
fsearch n_number_.-1.json a.b NotFound
fiter n_number_.-1.json end NotFound
file n_number_.2e-3.json 7
fsearch n_number_.2e-3.json a NotFound
fsearch n_number_.2e-3.json [0] NotFound
fsearch n_number_.2e-3.json a.b NotFound
fiter n_number_.2e-3.json end NotFound
file n_number_0.1.2.json 7
fsearch n_number_0.1.2.json a NotFound
fsearch n_number_0.1.2.json [0] Success 1 3 Number
fsearch n_number_0.1.2.json a.b NotFound
fiter n_number_0.1.2.json pair 0 nokey 1 3 Number
fiter n_number_0.1.2.json end NotFound
file n_number_0.3e+.json 7
fsearch n_number_0.3e+.json a NotFound
fsearch n_number_0.3e+.json [0] Success 1 3 Number
fsearch n_number_0.3e+.json a.b NotFound
fiter n_number_0.3e+.json pair 0 nokey 1 3 Number
fiter n_number_0.3e+.json end NotFound
file n_number_0.3e.json 6
fsearch n_number_0.3e.json a NotFound
fsearch n_number_0.3e.json [0] Success 1 3 Number
fsearch n_number_0.3e.json a.b NotFound
fiter n_number_0.3e.json pair 0 nokey 1 3 Number
fiter n_number_0.3e.json end NotFound
file n_number_0.e1.json 6
fsearch n_number_0.e1.json a NotFound
fsearch n_number_0.e1.json [0] Success 1 1 Number
fsearch n_number_0.e1.json a.b NotFound
fiter n_number_0.e1.json pair 0 nokey 1 1 Number
fiter n_number_0.e1.json end NotFound
file n_number_0_capital_E+.json 5
fsearch n_number_0_capital_E+.json a NotFound
fsearch n_number_0_capital_E+.json [0] Success 1 1 Number
fsearch n_number_0_capital_E+.json a.b NotFound
fiter n_number_0_capital_E+.json pair 0 nokey 1 1 Number
fiter n_number_0_capital_E+.json end NotFound
file n_number_0_capital_E.json 4
fsearch n_number_0_capital_E.json a NotFound
fsearch n_number_0_capital_E.json [0] Success 1 1 Number
fsearch n_number_0_capital_E.json a.b NotFound
fiter n_number_0_capital_E.json pair 0 nokey 1 1 Number
fiter n_number_0_capital_E.json end NotFound
file n_number_0e+.json 5
fsearch n_number_0e+.json a NotFound
fsearch n_number_0e+.json [0] Success 1 1 Number
fsearch n_number_0e+.json a.b NotFound
fiter n_number_0e+.json pair 0 nokey 1 1 Number
fiter n_number_0e+.json end NotFound
file n_number_0e.json 4
fsearch n_number_0e.json a NotFound
fsearch n_number_0e.json [0] Success 1 1 Number
fsearch n_number_0e.json a.b NotFound
fiter n_number_0e.json pair 0 nokey 1 1 Number
fiter n_number_0e.json end NotFound
file n_number_1.0e+.json 7
fsearch n_number_1.0e+.json a NotFound
fsearch n_number_1.0e+.json [0] Success 1 3 Number
fsearch n_number_1.0e+.json a.b NotFound
fiter n_number_1.0e+.json pair 0 nokey 1 3 Number
fiter n_number_1.0e+.json end NotFound
file n_number_1.0e-.json 7
fsearch n_number_1.0e-.json a NotFound
fsearch n_number_1.0e-.json [0] Success 1 3 Number
fsearch n_number_1.0e-.json a.b NotFound
fiter n_number_1.0e-.json pair 0 nokey 1 3 Number
fiter n_number_1.0e-.json end NotFound
file n_number_1.0e.json 6
fsearch n_number_1.0e.json a NotFound
fsearch n_number_1.0e.json [0] Success 1 3 Number
fsearch n_number_1.0e.json a.b NotFound
fiter n_number_1.0e.json pair 0 nokey 1 3 Number
fiter n_number_1.0e.json end NotFound
file n_number_1_000.json 9
fsearch n_number_1_000.json a NotFound
fsearch n_number_1_000.json [0] Success 1 1 Number
fsearch n_number_1_000.json a.b NotFound
fiter n_number_1_000.json pair 0 nokey 1 1 Number
fiter n_number_1_000.json pair 1 nokey 3 1 Number
fiter n_number_1_000.json pair 2 nokey 4 1 Number
fiter n_number_1_000.json pair 3 nokey 5 3 Number
fiter n_number_1_000.json end NotFound
file n_number_1eE2.json 6
fsearch n_number_1eE2.json a NotFound
fsearch n_number_1eE2.json [0] Success 1 1 Number
fsearch n_number_1eE2.json a.b NotFound
fiter n_number_1eE2.json pair 0 nokey 1 1 Number
fiter n_number_1eE2.json end NotFound
file n_number_2.e+3.json 7
fsearch n_number_2.e+3.json a NotFound
fsearch n_number_2.e+3.json [0] Success 1 1 Number
fsearch n_number_2.e+3.json a.b NotFound
fiter n_number_2.e+3.json pair 0 nokey 1 1 Number
fiter n_number_2.e+3.json end NotFound
file n_number_2.e-3.json 7
fsearch n_number_2.e-3.json a NotFound
fsearch n_number_2.e-3.json [0] Success 1 1 Number
fsearch n_number_2.e-3.json a.b NotFound
fiter n_number_2.e-3.json pair 0 nokey 1 1 Number
fiter n_number_2.e-3.json end NotFound
file n_number_2.e3.json 6
fsearch n_number_2.e3.json a NotFound
fsearch n_number_2.e3.json [0] Success 1 1 Number
fsearch n_number_2.e3.json a.b NotFound
fiter n_number_2.e3.json pair 0 nokey 1 1 Number
fiter n_number_2.e3.json end NotFound
file n_number_9.e+.json 6
fsearch n_number_9.e+.json a NotFound
fsearch n_number_9.e+.json [0] Success 1 1 Number
fsearch n_number_9.e+.json a.b NotFound
fiter n_number_9.e+.json pair 0 nokey 1 1 Number
fiter n_number_9.e+.json end NotFound
file n_number_Inf.json 5
fsearch n_number_Inf.json a NotFound
fsearch n_number_Inf.json [0] NotFound
fsearch n_number_Inf.json a.b NotFound
fiter n_number_Inf.json end NotFound
file n_number_NaN.json 5
fsearch n_number_NaN.json a NotFound
fsearch n_number_NaN.json [0] NotFound
fsearch n_number_NaN.json a.b NotFound
fiter n_number_NaN.json end NotFound
file n_number_U+FF11_fullwidth_digit_one.json 5
fsearch n_number_U+FF11_fullwidth_digit_one.json a NotFound
fsearch n_number_U+FF11_fullwidth_digit_one.json [0] NotFound
fsearch n_number_U+FF11_fullwidth_digit_one.json a.b NotFound
fiter n_number_U+FF11_fullwidth_digit_one.json end NotFound
file n_number_expression.json 5
fsearch n_number_expression.json a NotFound
fsearch n_number_expression.json [0] Success 1 1 Number
fsearch n_number_expression.json a.b NotFound
fiter n_number_expression.json pair 0 nokey 1 1 Number
fiter n_number_expression.json end NotFound
file n_number_hex_1_digit.json 5
fsearch n_number_hex_1_digit.json a NotFound
fsearch n_number_hex_1_digit.json [0] Success 1 1 Number
fsearch n_number_hex_1_digit.json a.b NotFound
fiter n_number_hex_1_digit.json pair 0 nokey 1 1 Number
fiter n_number_hex_1_digit.json end NotFound
file n_number_hex_2_digits.json 6
fsearch n_number_hex_2_digits.json a NotFound
fsearch n_number_hex_2_digits.json [0] Success 1 1 Number
fsearch n_number_hex_2_digits.json a.b NotFound
fiter n_number_hex_2_digits.json pair 0 nokey 1 1 Number
fiter n_number_hex_2_digits.json end NotFound
file n_number_infinity.json 10
fsearch n_number_infinity.json a NotFound
fsearch n_number_infinity.json [0] NotFound
fsearch n_number_infinity.json a.b NotFound
fiter n_number_infinity.json end NotFound
file n_number_invalid+-.json 7
fsearch n_number_invalid+-.json a NotFound
fsearch n_number_invalid+-.json [0] Success 1 1 Number
fsearch n_number_invalid+-.json a.b NotFound
fiter n_number_invalid+-.json pair 0 nokey 1 1 Number
fiter n_number_invalid+-.json end NotFound
file n_number_invalid-negative-real.json 13
fsearch n_number_invalid-negative-real.json a NotFound
fsearch n_number_invalid-negative-real.json [0] Success 1 8 Number
fsearch n_number_invalid-negative-real.json a.b NotFound
fiter n_number_invalid-negative-real.json pair 0 nokey 1 8 Number
fiter n_number_invalid-negative-real.json end NotFound
file n_number_invalid-utf-8-in-bigger-int.json 6
fsearch n_number_invalid-utf-8-in-bigger-int.json a NotFound
fsearch n_number_invalid-utf-8-in-bigger-int.json [0] Success 1 3 Number
fsearch n_number_invalid-utf-8-in-bigger-int.json a.b NotFound
fiter n_number_invalid-utf-8-in-bigger-int.json pair 0 nokey 1 3 Number
fiter n_number_invalid-utf-8-in-bigger-int.json end NotFound
file n_number_invalid-utf-8-in-exponent.json 6
fsearch n_number_invalid-utf-8-in-exponent.json a NotFound
fsearch n_number_invalid-utf-8-in-exponent.json [0] Success 1 3 Number
fsearch n_number_invalid-utf-8-in-exponent.json a.b NotFound
fiter n_number_invalid-utf-8-in-exponent.json pair 0 nokey 1 3 Number
fiter n_number_invalid-utf-8-in-exponent.json end NotFound
file n_number_invalid-utf-8-in-int.json 6
fsearch n_number_invalid-utf-8-in-int.json a NotFound
fsearch n_number_invalid-utf-8-in-int.json [0] Success 1 1 Number
fsearch n_number_invalid-utf-8-in-int.json a.b NotFound
fiter n_number_invalid-utf-8-in-int.json pair 0 nokey 1 1 Number
fiter n_number_invalid-utf-8-in-int.json end NotFound
file n_number_minus_infinity.json 11
fsearch n_number_minus_infinity.json a NotFound
fsearch n_number_minus_infinity.json [0] NotFound
fsearch n_number_minus_infinity.json a.b NotFound
fiter n_number_minus_infinity.json end NotFound
file n_number_minus_sign_with_trailing_garbage.json 6
fsearch n_number_minus_sign_with_trailing_garbage.json a NotFound
fsearch n_number_minus_sign_with_trailing_garbage.json [0] NotFound
fsearch n_number_minus_sign_with_trailing_garbage.json a.b NotFound
fiter n_number_minus_sign_with_trailing_garbage.json end NotFound
file n_number_minus_space_1.json 5
fsearch n_number_minus_space_1.json a NotFound
fsearch n_number_minus_space_1.json [0] NotFound
fsearch n_number_minus_space_1.json a.b NotFound
fiter n_number_minus_space_1.json end NotFound
file n_number_neg_int_starting_with_zero.json 6
fsearch n_number_neg_int_starting_with_zero.json a NotFound
fsearch n_number_neg_int_starting_with_zero.json [0] Success 1 2 Number
fsearch n_number_neg_int_starting_with_zero.json a.b NotFound
fiter n_number_neg_int_starting_with_zero.json pair 0 nokey 1 2 Number
fiter n_number_neg_int_starting_with_zero.json pair 1 nokey 3 2 Number
fiter n_number_neg_int_starting_with_zero.json end NotFound
file n_number_neg_real_without_int_part.json 7
fsearch n_number_neg_real_without_int_part.json a NotFound
fsearch n_number_neg_real_without_int_part.json [0] NotFound
fsearch n_number_neg_real_without_int_part.json a.b NotFound
fiter n_number_neg_real_without_int_part.json end NotFound
file n_number_neg_with_garbage_at_end.json 5
fsearch n_number_neg_with_garbage_at_end.json a NotFound
fsearch n_number_neg_with_garbage_at_end.json [0] Success 1 2 Number
fsearch n_number_neg_with_garbage_at_end.json a.b NotFound
fiter n_number_neg_with_garbage_at_end.json pair 0 nokey 1 2 Number
fiter n_number_neg_with_garbage_at_end.json end NotFound
file n_number_real_garbage_after_e.json 5
fsearch n_number_real_garbage_after_e.json a NotFound
fsearch n_number_real_garbage_after_e.json [0] Success 1 1 Number
fsearch n_number_real_garbage_after_e.json a.b NotFound
fiter n_number_real_garbage_after_e.json pair 0 nokey 1 1 Number
fiter n_number_real_garbage_after_e.json end NotFound
file n_number_real_with_invalid_utf8_after_e.json 5
fsearch n_number_real_with_invalid_utf8_after_e.json a NotFound
fsearch n_number_real_with_invalid_utf8_after_e.json [0] Success 1 1 Number
fsearch n_number_real_with_invalid_utf8_after_e.json a.b NotFound
fiter n_number_real_with_invalid_utf8_after_e.json pair 0 nokey 1 1 Number
fiter n_number_real_with_invalid_utf8_after_e.json end NotFound
file n_number_real_without_fractional_part.json 4
fsearch n_number_real_without_fractional_part.json a NotFound
fsearch n_number_real_without_fractional_part.json [0] Success 1 1 Number
fsearch n_number_real_without_fractional_part.json a.b NotFound
fiter n_number_real_without_fractional_part.json pair 0 nokey 1 1 Number
fiter n_number_real_without_fractional_part.json end NotFound
file n_number_starting_with_dot.json 6
fsearch n_number_starting_with_dot.json a NotFound
fsearch n_number_starting_with_dot.json [0] NotFound
fsearch n_number_starting_with_dot.json a.b NotFound
fiter n_number_starting_with_dot.json end NotFound
file n_number_with_alpha.json 8
fsearch n_number_with_alpha.json a NotFound
fsearch n_number_with_alpha.json [0] Success 1 3 Number
fsearch n_number_with_alpha.json a.b NotFound
fiter n_number_with_alpha.json pair 0 nokey 1 3 Number
fiter n_number_with_alpha.json end NotFound
file n_number_with_alpha_char.json 25
fsearch n_number_with_alpha_char.json a NotFound
fsearch n_number_with_alpha_char.json [0] Success 1 18 Number
fsearch n_number_with_alpha_char.json a.b NotFound
fiter n_number_with_alpha_char.json pair 0 nokey 1 18 Number
fiter n_number_with_alpha_char.json end NotFound
file n_number_with_leading_zero.json 5
fsearch n_number_with_leading_zero.json a NotFound
fsearch n_number_with_leading_zero.json [0] Success 1 1 Number
fsearch n_number_with_leading_zero.json a.b NotFound
fiter n_number_with_leading_zero.json pair 0 nokey 1 1 Number
fiter n_number_with_leading_zero.json pair 1 nokey 2 2 Number
fiter n_number_with_leading_zero.json end NotFound
file n_object_bad_value.json 12
fsearch n_object_bad_value.json a NotFound
fsearch n_object_bad_value.json [0] Success 2 1 String
fsearch n_object_bad_value.json a.b NotFound
fiter n_object_bad_value.json pair 0 nokey 2 1 String
fiter n_object_bad_value.json end NotFound
file n_object_bracket_key.json 10
fsearch n_object_bracket_key.json a NotFound
fsearch n_object_bracket_key.json [0] NotFound
fsearch n_object_bracket_key.json a.b NotFound
fiter n_object_bracket_key.json end NotFound
file n_object_comma_instead_of_colon.json 11
fsearch n_object_comma_instead_of_colon.json a NotFound
fsearch n_object_comma_instead_of_colon.json [0] NotFound
fsearch n_object_comma_instead_of_colon.json a.b NotFound
fiter n_object_comma_instead_of_colon.json end NotFound
file n_object_double_colon.json 10
fsearch n_object_double_colon.json a NotFound
fsearch n_object_double_colon.json [0] NotFound
fsearch n_object_double_colon.json a.b NotFound
fiter n_object_double_colon.json end NotFound
file n_object_emoji.json 10
fsearch n_object_emoji.json a NotFound
fsearch n_object_emoji.json [0] NotFound
fsearch n_object_emoji.json a.b NotFound
fiter n_object_emoji.json end NotFound
file n_object_garbage_at_end.json 13
fsearch n_object_garbage_at_end.json a Success 6 1 String
fsearch n_object_garbage_at_end.json [0] NotFound
fsearch n_object_garbage_at_end.json a.b NotFound
fiter n_object_garbage_at_end.json pair 0 key 2 1 6 1 String
fiter n_object_garbage_at_end.json end NotFound
file n_object_key_with_single_quotes.json 14
fsearch n_object_key_with_single_quotes.json a NotFound
fsearch n_object_key_with_single_quotes.json [0] NotFound
fsearch n_object_key_with_single_quotes.json a.b NotFound
fiter n_object_key_with_single_quotes.json end NotFound
file n_object_lone_continuation_byte_in_key_and_trailing_comma.json 10
fsearch n_object_lone_continuation_byte_in_key_and_trailing_comma.json a NotFound
fsearch n_object_lone_continuation_byte_in_key_and_trailing_comma.json [0] NotFound
fsearch n_object_lone_continuation_byte_in_key_and_trailing_comma.json a.b NotFound
fiter n_object_lone_continuation_byte_in_key_and_trailing_comma.json end NotFound
file n_object_missing_colon.json 7
fsearch n_object_missing_colon.json a NotFound
fsearch n_object_missing_colon.json [0] NotFound
fsearch n_object_missing_colon.json a.b NotFound
fiter n_object_missing_colon.json end NotFound
file n_object_missing_key.json 6
fsearch n_object_missing_key.json a NotFound
fsearch n_object_missing_key.json [0] NotFound
fsearch n_object_missing_key.json a.b NotFound
fiter n_object_missing_key.json end NotFound
file n_object_missing_semicolon.json 9
fsearch n_object_missing_semicolon.json a NotFound
fsearch n_object_missing_semicolon.json [0] NotFound
fsearch n_object_missing_semicolon.json a.b NotFound
fiter n_object_missing_semicolon.json end NotFound
file n_object_missing_value.json 5
fsearch n_object_missing_value.json a NotFound
fsearch n_object_missing_value.json [0] NotFound
fsearch n_object_missing_value.json a.b NotFound
fiter n_object_missing_value.json end NotFound
file n_object_no-colon.json 4
fsearch n_object_no-colon.json a NotFound
fsearch n_object_no-colon.json [0] NotFound
fsearch n_object_no-colon.json a.b NotFound
fiter n_object_no-colon.json end NotFound
file n_object_non_string_key.json 5
fsearch n_object_non_string_key.json a NotFound
fsearch n_object_non_string_key.json [0] NotFound
fsearch n_object_non_string_key.json a.b NotFound
fiter n_object_non_string_key.json end NotFound
file n_object_non_string_key_but_huge_number_instead.json 13
fsearch n_object_non_string_key_but_huge_number_instead.json a NotFound
fsearch n_object_non_string_key_but_huge_number_instead.json [0] NotFound
fsearch n_object_non_string_key_but_huge_number_instead.json a.b NotFound
fiter n_object_non_string_key_but_huge_number_instead.json end NotFound
file n_object_repeated_null_null.json 21
fsearch n_object_repeated_null_null.json a NotFound
fsearch n_object_repeated_null_null.json [0] NotFound
fsearch n_object_repeated_null_null.json a.b NotFound
fiter n_object_repeated_null_null.json end NotFound
file n_object_several_trailing_commas.json 13
fsearch n_object_several_trailing_commas.json a NotFound
fsearch n_object_several_trailing_commas.json [0] NotFound
fsearch n_object_several_trailing_commas.json a.b NotFound
fiter n_object_several_trailing_commas.json pair 0 key 2 2 6 1 Number
fiter n_object_several_trailing_commas.json end NotFound
file n_object_single_quote.json 7
fsearch n_object_single_quote.json a NotFound
fsearch n_object_single_quote.json [0] NotFound
fsearch n_object_single_quote.json a.b NotFound
fiter n_object_single_quote.json end NotFound
file n_object_trailing_comma.json 9
fsearch n_object_trailing_comma.json a NotFound
fsearch n_object_trailing_comma.json [0] NotFound
fsearch n_object_trailing_comma.json a.b NotFound
fiter n_object_trailing_comma.json pair 0 key 2 2 6 1 Number
fiter n_object_trailing_comma.json end NotFound
file n_object_trailing_comment.json 13
fsearch n_object_trailing_comment.json a Success 6 1 String
fsearch n_object_trailing_comment.json [0] NotFound
fsearch n_object_trailing_comment.json a.b NotFound
fiter n_object_trailing_comment.json pair 0 key 2 1 6 1 String
fiter n_object_trailing_comment.json end NotFound
file n_object_trailing_comment_open.json 14
fsearch n_object_trailing_comment_open.json a Success 6 1 String
fsearch n_object_trailing_comment_open.json [0] NotFound
fsearch n_object_trailing_comment_open.json a.b NotFound
fiter n_object_trailing_comment_open.json pair 0 key 2 1 6 1 String
fiter n_object_trailing_comment_open.json end NotFound
file n_object_trailing_comment_slash_open.json 11
fsearch n_object_trailing_comment_slash_open.json a Success 6 1 String
fsearch n_object_trailing_comment_slash_open.json [0] NotFound
fsearch n_object_trailing_comment_slash_open.json a.b NotFound
fiter n_object_trailing_comment_slash_open.json pair 0 key 2 1 6 1 String
fiter n_object_trailing_comment_slash_open.json end NotFound
file n_object_trailing_comment_slash_open_incomplete.json 10
fsearch n_object_trailing_comment_slash_open_incomplete.json a Success 6 1 String
fsearch n_object_trailing_comment_slash_open_incomplete.json [0] NotFound
fsearch n_object_trailing_comment_slash_open_incomplete.json a.b NotFound
fiter n_object_trailing_comment_slash_open_incomplete.json pair 0 key 2 1 6 1 String
fiter n_object_trailing_comment_slash_open_incomplete.json end NotFound
file n_object_two_commas_in_a_row.json 18
fsearch n_object_two_commas_in_a_row.json a Success 6 1 String
fsearch n_object_two_commas_in_a_row.json [0] NotFound
fsearch n_object_two_commas_in_a_row.json a.b NotFound
fiter n_object_two_commas_in_a_row.json pair 0 key 2 1 6 1 String
fiter n_object_two_commas_in_a_row.json end NotFound
file n_object_unquoted_key.json 8
fsearch n_object_unquoted_key.json a NotFound
fsearch n_object_unquoted_key.json [0] NotFound
fsearch n_object_unquoted_key.json a.b NotFound
fiter n_object_unquoted_key.json end NotFound
file n_object_unterminated-value.json 7
fsearch n_object_unterminated-value.json a NotFound
fsearch n_object_unterminated-value.json [0] NotFound
fsearch n_object_unterminated-value.json a.b NotFound
fiter n_object_unterminated-value.json end NotFound
file n_object_with_single_string.json 22
fsearch n_object_with_single_string.json a NotFound
fsearch n_object_with_single_string.json [0] NotFound
fsearch n_object_with_single_string.json a.b NotFound
fiter n_object_with_single_string.json pair 0 key 3 3 11 3 String
fiter n_object_with_single_string.json end NotFound
file n_object_with_trailing_garbage.json 10
fsearch n_object_with_trailing_garbage.json a Success 6 1 String
fsearch n_object_with_trailing_garbage.json [0] NotFound
fsearch n_object_with_trailing_garbage.json a.b NotFound
fiter n_object_with_trailing_garbage.json pair 0 key 2 1 6 1 String
fiter n_object_with_trailing_garbage.json end NotFound
file n_single_space.json 1
fsearch n_single_space.json a NotFound
fsearch n_single_space.json [0] NotFound
fsearch n_single_space.json a.b NotFound
fiter n_single_space.json end NotFound
file n_string_1_surrogate_then_escape.json 11
fsearch n_string_1_surrogate_then_escape.json a NotFound
fsearch n_string_1_surrogate_then_escape.json [0] NotFound
fsearch n_string_1_surrogate_then_escape.json a.b NotFound
fiter n_string_1_surrogate_then_escape.json end NotFound
file n_string_1_surrogate_then_escape_u.json 12
fsearch n_string_1_surrogate_then_escape_u.json a NotFound
fsearch n_string_1_surrogate_then_escape_u.json [0] NotFound
fsearch n_string_1_surrogate_then_escape_u.json a.b NotFound
fiter n_string_1_surrogate_then_escape_u.json end NotFound
file n_string_1_surrogate_then_escape_u1.json 13
fsearch n_string_1_surrogate_then_escape_u1.json a NotFound
fsearch n_string_1_surrogate_then_escape_u1.json [0] NotFound
fsearch n_string_1_surrogate_then_escape_u1.json a.b NotFound
fiter n_string_1_surrogate_then_escape_u1.json end NotFound
file n_string_1_surrogate_then_escape_u1x.json 14
fsearch n_string_1_surrogate_then_escape_u1x.json a NotFound
fsearch n_string_1_surrogate_then_escape_u1x.json [0] NotFound
fsearch n_string_1_surrogate_then_escape_u1x.json a.b NotFound
fiter n_string_1_surrogate_then_escape_u1x.json end NotFound
file n_string_accentuated_char_no_quotes.json 4
fsearch n_string_accentuated_char_no_quotes.json a NotFound
fsearch n_string_accentuated_char_no_quotes.json [0] NotFound
fsearch n_string_accentuated_char_no_quotes.json a.b NotFound
fiter n_string_accentuated_char_no_quotes.json end NotFound
file n_string_backslash_00.json 6
fsearch n_string_backslash_00.json a NotFound
fsearch n_string_backslash_00.json [0] NotFound
fsearch n_string_backslash_00.json a.b NotFound
fiter n_string_backslash_00.json end NotFound
file n_string_escape_x.json 8
fsearch n_string_escape_x.json a NotFound
fsearch n_string_escape_x.json [0] NotFound
fsearch n_string_escape_x.json a.b NotFound
fiter n_string_escape_x.json end NotFound
file n_string_escaped_backslash_bad.json 7
fsearch n_string_escaped_backslash_bad.json a NotFound
fsearch n_string_escaped_backslash_bad.json [0] NotFound
fsearch n_string_escaped_backslash_bad.json a.b NotFound
fiter n_string_escaped_backslash_bad.json end NotFound
file n_string_escaped_ctrl_char_tab.json 6
fsearch n_string_escaped_ctrl_char_tab.json a NotFound
fsearch n_string_escaped_ctrl_char_tab.json [0] NotFound
fsearch n_string_escaped_ctrl_char_tab.json a.b NotFound
fiter n_string_escaped_ctrl_char_tab.json end NotFound
file n_string_escaped_emoji.json 9
fsearch n_string_escaped_emoji.json a NotFound
fsearch n_string_escaped_emoji.json [0] NotFound
fsearch n_string_escaped_emoji.json a.b NotFound
fiter n_string_escaped_emoji.json end NotFound
file n_string_incomplete_escape.json 5
fsearch n_string_incomplete_escape.json a NotFound
fsearch n_string_incomplete_escape.json [0] NotFound
fsearch n_string_incomplete_escape.json a.b NotFound
fiter n_string_incomplete_escape.json end NotFound
file n_string_incomplete_escaped_character.json 9
fsearch n_string_incomplete_escaped_character.json a NotFound
fsearch n_string_incomplete_escaped_character.json [0] NotFound
fsearch n_string_incomplete_escaped_character.json a.b NotFound
fiter n_string_incomplete_escaped_character.json end NotFound
file n_string_incomplete_surrogate.json 14
fsearch n_string_incomplete_surrogate.json a NotFound
fsearch n_string_incomplete_surrogate.json [0] NotFound
fsearch n_string_incomplete_surrogate.json a.b NotFound
fiter n_string_incomplete_surrogate.json end NotFound
file n_string_incomplete_surrogate_escape_invalid.json 18
fsearch n_string_incomplete_surrogate_escape_invalid.json a NotFound
fsearch n_string_incomplete_surrogate_escape_invalid.json [0] NotFound
fsearch n_string_incomplete_surrogate_escape_invalid.json a.b NotFound
fiter n_string_incomplete_surrogate_escape_invalid.json end NotFound
file n_string_invalid-utf-8-in-escape.json 7
fsearch n_string_invalid-utf-8-in-escape.json a NotFound
fsearch n_string_invalid-utf-8-in-escape.json [0] NotFound
fsearch n_string_invalid-utf-8-in-escape.json a.b NotFound
fiter n_string_invalid-utf-8-in-escape.json end NotFound
file n_string_invalid_backslash_esc.json 6
fsearch n_string_invalid_backslash_esc.json a NotFound
fsearch n_string_invalid_backslash_esc.json [0] NotFound
fsearch n_string_invalid_backslash_esc.json a.b NotFound
fiter n_string_invalid_backslash_esc.json end NotFound
file n_string_invalid_unicode_escape.json 10
fsearch n_string_invalid_unicode_escape.json a NotFound
fsearch n_string_invalid_unicode_escape.json [0] NotFound
fsearch n_string_invalid_unicode_escape.json a.b NotFound
fiter n_string_invalid_unicode_escape.json end NotFound
file n_string_invalid_utf8_after_escape.json 6
fsearch n_string_invalid_utf8_after_escape.json a NotFound
fsearch n_string_invalid_utf8_after_escape.json [0] NotFound
fsearch n_string_invalid_utf8_after_escape.json a.b NotFound
fiter n_string_invalid_utf8_after_escape.json end NotFound
file n_string_leading_uescaped_thinspace.json 13
fsearch n_string_leading_uescaped_thinspace.json a NotFound
fsearch n_string_leading_uescaped_thinspace.json [0] NotFound
fsearch n_string_leading_uescaped_thinspace.json a.b NotFound
fiter n_string_leading_uescaped_thinspace.json end NotFound
file n_string_no_quotes_with_bad_escape.json 4
fsearch n_string_no_quotes_with_bad_escape.json a NotFound
fsearch n_string_no_quotes_with_bad_escape.json [0] NotFound
fsearch n_string_no_quotes_with_bad_escape.json a.b NotFound
fiter n_string_no_quotes_with_bad_escape.json end NotFound
file n_string_single_doublequote.json 1
fsearch n_string_single_doublequote.json a NotFound
fsearch n_string_single_doublequote.json [0] NotFound
fsearch n_string_single_doublequote.json a.b NotFound
fiter n_string_single_doublequote.json end IllegalDocument
file n_string_single_quote.json 16
fsearch n_string_single_quote.json a NotFound
fsearch n_string_single_quote.json [0] NotFound
fsearch n_string_single_quote.json a.b NotFound
fiter n_string_single_quote.json end NotFound
file n_string_single_string_no_double_quotes.json 3
fsearch n_string_single_string_no_double_quotes.json a NotFound
fsearch n_string_single_string_no_double_quotes.json [0] NotFound
fsearch n_string_single_string_no_double_quotes.json a.b NotFound
fiter n_string_single_string_no_double_quotes.json end IllegalDocument
file n_string_start_escape_unclosed.json 3
fsearch n_string_start_escape_unclosed.json a NotFound
fsearch n_string_start_escape_unclosed.json [0] NotFound
fsearch n_string_start_escape_unclosed.json a.b NotFound
fiter n_string_start_escape_unclosed.json end NotFound
file n_string_unescaped_ctrl_char.json 7
fsearch n_string_unescaped_ctrl_char.json a NotFound
fsearch n_string_unescaped_ctrl_char.json [0] NotFound
fsearch n_string_unescaped_ctrl_char.json a.b NotFound
fiter n_string_unescaped_ctrl_char.json end NotFound
file n_string_unescaped_newline.json 13
fsearch n_string_unescaped_newline.json a NotFound
fsearch n_string_unescaped_newline.json [0] NotFound
fsearch n_string_unescaped_newline.json a.b NotFound
fiter n_string_unescaped_newline.json end NotFound
file n_string_unescaped_tab.json 5
fsearch n_string_unescaped_tab.json a NotFound
fsearch n_string_unescaped_tab.json [0] NotFound
fsearch n_string_unescaped_tab.json a.b NotFound
fiter n_string_unescaped_tab.json end NotFound
file n_string_unicode_CapitalU.json 8
fsearch n_string_unicode_CapitalU.json a NotFound
fsearch n_string_unicode_CapitalU.json [0] NotFound
fsearch n_string_unicode_CapitalU.json a.b NotFound
fiter n_string_unicode_CapitalU.json end IllegalDocument
file n_string_with_trailing_garbage.json 3
fsearch n_string_with_trailing_garbage.json a NotFound
fsearch n_string_with_trailing_garbage.json [0] NotFound
fsearch n_string_with_trailing_garbage.json a.b NotFound
fiter n_string_with_trailing_garbage.json end IllegalDocument
file n_structure_100000_opening_arrays.json 100000
fsearch n_structure_100000_opening_arrays.json a NotFound
fsearch n_structure_100000_opening_arrays.json [0] NotFound
fsearch n_structure_100000_opening_arrays.json a.b NotFound
fiter n_structure_100000_opening_arrays.json end NotFound
file n_structure_U+2060_word_joined.json 5
fsearch n_structure_U+2060_word_joined.json a NotFound
fsearch n_structure_U+2060_word_joined.json [0] NotFound
fsearch n_structure_U+2060_word_joined.json a.b NotFound
fiter n_structure_U+2060_word_joined.json end NotFound
file n_structure_UTF8_BOM_no_data.json 3
fsearch n_structure_UTF8_BOM_no_data.json a NotFound
fsearch n_structure_UTF8_BOM_no_data.json [0] NotFound
fsearch n_structure_UTF8_BOM_no_data.json a.b NotFound
fiter n_structure_UTF8_BOM_no_data.json end IllegalDocument
file n_structure_angle_bracket_..json 3
fsearch n_structure_angle_bracket_..json a NotFound
fsearch n_structure_angle_bracket_..json [0] NotFound
fsearch n_structure_angle_bracket_..json a.b NotFound
fiter n_structure_angle_bracket_..json end IllegalDocument
file n_structure_angle_bracket_null.json 8
fsearch n_structure_angle_bracket_null.json a NotFound
fsearch n_structure_angle_bracket_null.json [0] NotFound
fsearch n_structure_angle_bracket_null.json a.b NotFound
fiter n_structure_angle_bracket_null.json end NotFound
file n_structure_array_trailing_garbage.json 4
fsearch n_structure_array_trailing_garbage.json a NotFound
fsearch n_structure_array_trailing_garbage.json [0] Success 1 1 Number
fsearch n_structure_array_trailing_garbage.json a.b NotFound
fiter n_structure_array_trailing_garbage.json pair 0 nokey 1 1 Number
fiter n_structure_array_trailing_garbage.json end NotFound
file n_structure_array_with_extra_array_close.json 4
fsearch n_structure_array_with_extra_array_close.json a NotFound
fsearch n_structure_array_with_extra_array_close.json [0] Success 1 1 Number
fsearch n_structure_array_with_extra_array_close.json a.b NotFound
fiter n_structure_array_with_extra_array_close.json pair 0 nokey 1 1 Number
fiter n_structure_array_with_extra_array_close.json end NotFound
file n_structure_array_with_unclosed_string.json 6
fsearch n_structure_array_with_unclosed_string.json a NotFound
fsearch n_structure_array_with_unclosed_string.json [0] NotFound
fsearch n_structure_array_with_unclosed_string.json a.b NotFound
fiter n_structure_array_with_unclosed_string.json end NotFound
file n_structure_ascii-unicode-identifier.json 3
fsearch n_structure_ascii-unicode-identifier.json a NotFound
fsearch n_structure_ascii-unicode-identifier.json [0] NotFound
fsearch n_structure_ascii-unicode-identifier.json a.b NotFound
fiter n_structure_ascii-unicode-identifier.json end IllegalDocument
file n_structure_capitalized_True.json 6
fsearch n_structure_capitalized_True.json a NotFound
fsearch n_structure_capitalized_True.json [0] NotFound
fsearch n_structure_capitalized_True.json a.b NotFound
fiter n_structure_capitalized_True.json end NotFound
file n_structure_close_unopened_array.json 2
fsearch n_structure_close_unopened_array.json a NotFound
fsearch n_structure_close_unopened_array.json [0] NotFound
fsearch n_structure_close_unopened_array.json a.b NotFound
fiter n_structure_close_unopened_array.json end IllegalDocument
file n_structure_comma_instead_of_closing_brace.json 11
fsearch n_structure_comma_instead_of_closing_brace.json a NotFound
fsearch n_structure_comma_instead_of_closing_brace.json [0] NotFound
fsearch n_structure_comma_instead_of_closing_brace.json a.b NotFound
fiter n_structure_comma_instead_of_closing_brace.json pair 0 key 2 1 6 4 True
fiter n_structure_comma_instead_of_closing_brace.json end NotFound
file n_structure_double_array.json 4
fsearch n_structure_double_array.json a NotFound
fsearch n_structure_double_array.json [0] NotFound
fsearch n_structure_double_array.json a.b NotFound
fiter n_structure_double_array.json end NotFound
file n_structure_end_array.json 1
fsearch n_structure_end_array.json a NotFound
fsearch n_structure_end_array.json [0] NotFound
fsearch n_structure_end_array.json a.b NotFound
fiter n_structure_end_array.json end IllegalDocument
file n_structure_incomplete_UTF8_BOM.json 4
fsearch n_structure_incomplete_UTF8_BOM.json a NotFound
fsearch n_structure_incomplete_UTF8_BOM.json [0] NotFound
fsearch n_structure_incomplete_UTF8_BOM.json a.b NotFound
fiter n_structure_incomplete_UTF8_BOM.json end IllegalDocument
file n_structure_lone-invalid-utf-8.json 1
fsearch n_structure_lone-invalid-utf-8.json a NotFound
fsearch n_structure_lone-invalid-utf-8.json [0] NotFound
fsearch n_structure_lone-invalid-utf-8.json a.b NotFound
fiter n_structure_lone-invalid-utf-8.json end IllegalDocument
file n_structure_lone-open-bracket.json 1
fsearch n_structure_lone-open-bracket.json a NotFound
fsearch n_structure_lone-open-bracket.json [0] NotFound
fsearch n_structure_lone-open-bracket.json a.b NotFound
fiter n_structure_lone-open-bracket.json end NotFound
file n_structure_no_data.json 0
fsearch n_structure_no_data.json a BadParameter
fsearch n_structure_no_data.json [0] BadParameter
fsearch n_structure_no_data.json a.b BadParameter
fiter n_structure_no_data.json end BadParameter
file n_structure_null-byte-outside-string.json 3
fsearch n_structure_null-byte-outside-string.json a NotFound
fsearch n_structure_null-byte-outside-string.json [0] NotFound
fsearch n_structure_null-byte-outside-string.json a.b NotFound
fiter n_structure_null-byte-outside-string.json end NotFound
file n_structure_number_with_trailing_garbage.json 2
fsearch n_structure_number_with_trailing_garbage.json a NotFound
fsearch n_structure_number_with_trailing_garbage.json [0] NotFound
fsearch n_structure_number_with_trailing_garbage.json a.b NotFound
fiter n_structure_number_with_trailing_garbage.json end IllegalDocument
file n_structure_object_followed_by_closing_object.json 3
fsearch n_structure_object_followed_by_closing_object.json a NotFound
fsearch n_structure_object_followed_by_closing_object.json [0] NotFound
fsearch n_structure_object_followed_by_closing_object.json a.b NotFound
fiter n_structure_object_followed_by_closing_object.json end NotFound
file n_structure_object_unclosed_no_value.json 4
fsearch n_structure_object_unclosed_no_value.json a NotFound
fsearch n_structure_object_unclosed_no_value.json [0] NotFound
fsearch n_structure_object_unclosed_no_value.json a.b NotFound
fiter n_structure_object_unclosed_no_value.json end NotFound
file n_structure_object_with_comment.json 20
fsearch n_structure_object_with_comment.json a NotFound
fsearch n_structure_object_with_comment.json [0] NotFound
fsearch n_structure_object_with_comment.json a.b NotFound
fiter n_structure_object_with_comment.json end NotFound
file n_structure_object_with_trailing_garbage.json 15
fsearch n_structure_object_with_trailing_garbage.json a Success 6 4 True
fsearch n_structure_object_with_trailing_garbage.json [0] NotFound
fsearch n_structure_object_with_trailing_garbage.json a.b NotFound
fiter n_structure_object_with_trailing_garbage.json pair 0 key 2 1 6 4 True
fiter n_structure_object_with_trailing_garbage.json end NotFound
file n_structure_open_array_apostrophe.json 2
fsearch n_structure_open_array_apostrophe.json a NotFound
fsearch n_structure_open_array_apostrophe.json [0] NotFound
fsearch n_structure_open_array_apostrophe.json a.b NotFound
fiter n_structure_open_array_apostrophe.json end NotFound
file n_structure_open_array_comma.json 2
fsearch n_structure_open_array_comma.json a NotFound
fsearch n_structure_open_array_comma.json [0] NotFound
fsearch n_structure_open_array_comma.json a.b NotFound
fiter n_structure_open_array_comma.json end NotFound
file n_structure_open_array_object.json 250002
fsearch n_structure_open_array_object.json a NotFound
fsearch n_structure_open_array_object.json [0] NotFound
fsearch n_structure_open_array_object.json a.b NotFound
fiter n_structure_open_array_object.json end NotFound
file n_structure_open_array_open_object.json 2
fsearch n_structure_open_array_open_object.json a NotFound
fsearch n_structure_open_array_open_object.json [0] NotFound
fsearch n_structure_open_array_open_object.json a.b NotFound
fiter n_structure_open_array_open_object.json end NotFound
file n_structure_open_array_open_string.json 3
fsearch n_structure_open_array_open_string.json a NotFound
fsearch n_structure_open_array_open_string.json [0] NotFound
fsearch n_structure_open_array_open_string.json a.b NotFound
fiter n_structure_open_array_open_string.json end NotFound
file n_structure_open_array_string.json 4
fsearch n_structure_open_array_string.json a NotFound
fsearch n_structure_open_array_string.json [0] Success 2 1 String
fsearch n_structure_open_array_string.json a.b NotFound
fiter n_structure_open_array_string.json pair 0 nokey 2 1 String
fiter n_structure_open_array_string.json end NotFound
file n_structure_open_object.json 1
fsearch n_structure_open_object.json a NotFound
fsearch n_structure_open_object.json [0] NotFound
fsearch n_structure_open_object.json a.b NotFound
fiter n_structure_open_object.json end NotFound
file n_structure_open_object_close_array.json 2
fsearch n_structure_open_object_close_array.json a NotFound
fsearch n_structure_open_object_close_array.json [0] NotFound
fsearch n_structure_open_object_close_array.json a.b NotFound
fiter n_structure_open_object_close_array.json end NotFound
file n_structure_open_object_comma.json 2
fsearch n_structure_open_object_comma.json a NotFound
fsearch n_structure_open_object_comma.json [0] NotFound
fsearch n_structure_open_object_comma.json a.b NotFound
fiter n_structure_open_object_comma.json end NotFound
file n_structure_open_object_open_array.json 2
fsearch n_structure_open_object_open_array.json a NotFound
fsearch n_structure_open_object_open_array.json [0] NotFound
fsearch n_structure_open_object_open_array.json a.b NotFound
fiter n_structure_open_object_open_array.json end NotFound
file n_structure_open_object_open_string.json 3
fsearch n_structure_open_object_open_string.json a NotFound
fsearch n_structure_open_object_open_string.json [0] NotFound
fsearch n_structure_open_object_open_string.json a.b NotFound
fiter n_structure_open_object_open_string.json end NotFound
file n_structure_open_object_string_with_apostrophes.json 4
fsearch n_structure_open_object_string_with_apostrophes.json a NotFound
fsearch n_structure_open_object_string_with_apostrophes.json [0] NotFound
fsearch n_structure_open_object_string_with_apostrophes.json a.b NotFound
fiter n_structure_open_object_string_with_apostrophes.json end NotFound
file n_structure_open_open.json 16
fsearch n_structure_open_open.json a NotFound
fsearch n_structure_open_open.json [0] NotFound
fsearch n_structure_open_open.json a.b NotFound
fiter n_structure_open_open.json end NotFound
file n_structure_single_eacute.json 1
fsearch n_structure_single_eacute.json a NotFound
fsearch n_structure_single_eacute.json [0] NotFound
fsearch n_structure_single_eacute.json a.b NotFound
fiter n_structure_single_eacute.json end IllegalDocument
file n_structure_single_star.json 1
fsearch n_structure_single_star.json a NotFound
fsearch n_structure_single_star.json [0] NotFound
fsearch n_structure_single_star.json a.b NotFound
fiter n_structure_single_star.json end IllegalDocument
file n_structure_trailing_#.json 12
fsearch n_structure_trailing_#.json a Success 6 1 String
fsearch n_structure_trailing_#.json [0] NotFound
fsearch n_structure_trailing_#.json a.b NotFound
fiter n_structure_trailing_#.json pair 0 key 2 1 6 1 String
fiter n_structure_trailing_#.json end NotFound
file n_structure_uescaped_LF_before_string.json 10
fsearch n_structure_uescaped_LF_before_string.json a NotFound
fsearch n_structure_uescaped_LF_before_string.json [0] NotFound
fsearch n_structure_uescaped_LF_before_string.json a.b NotFound
fiter n_structure_uescaped_LF_before_string.json end NotFound
file n_structure_unclosed_array.json 2
fsearch n_structure_unclosed_array.json a NotFound
fsearch n_structure_unclosed_array.json [0] Success 1 1 Number
fsearch n_structure_unclosed_array.json a.b NotFound
fiter n_structure_unclosed_array.json pair 0 nokey 1 1 Number
fiter n_structure_unclosed_array.json end NotFound
file n_structure_unclosed_array_partial_null.json 12
fsearch n_structure_unclosed_array_partial_null.json a NotFound
fsearch n_structure_unclosed_array_partial_null.json [0] Success 2 5 False
fsearch n_structure_unclosed_array_partial_null.json a.b NotFound
fiter n_structure_unclosed_array_partial_null.json pair 0 nokey 2 5 False
fiter n_structure_unclosed_array_partial_null.json end NotFound
file n_structure_unclosed_array_unfinished_false.json 12
fsearch n_structure_unclosed_array_unfinished_false.json a NotFound
fsearch n_structure_unclosed_array_unfinished_false.json [0] Success 2 4 True
fsearch n_structure_unclosed_array_unfinished_false.json a.b NotFound
fiter n_structure_unclosed_array_unfinished_false.json pair 0 nokey 2 4 True
fiter n_structure_unclosed_array_unfinished_false.json end NotFound
file n_structure_unclosed_array_unfinished_true.json 12
fsearch n_structure_unclosed_array_unfinished_true.json a NotFound
fsearch n_structure_unclosed_array_unfinished_true.json [0] Success 2 5 False
fsearch n_structure_unclosed_array_unfinished_true.json a.b NotFound
fiter n_structure_unclosed_array_unfinished_true.json pair 0 nokey 2 5 False
fiter n_structure_unclosed_array_unfinished_true.json end NotFound
file n_structure_unclosed_object.json 12
fsearch n_structure_unclosed_object.json a NotFound
fsearch n_structure_unclosed_object.json [0] NotFound
fsearch n_structure_unclosed_object.json a.b NotFound
fiter n_structure_unclosed_object.json pair 0 key 2 3 8 3 String
fiter n_structure_unclosed_object.json end NotFound
file n_structure_unicode-identifier.json 2
fsearch n_structure_unicode-identifier.json a NotFound
fsearch n_structure_unicode-identifier.json [0] NotFound
fsearch n_structure_unicode-identifier.json a.b NotFound
fiter n_structure_unicode-identifier.json end IllegalDocument
file n_structure_whitespace_U+2060_word_joiner.json 5
fsearch n_structure_whitespace_U+2060_word_joiner.json a NotFound
fsearch n_structure_whitespace_U+2060_word_joiner.json [0] NotFound
fsearch n_structure_whitespace_U+2060_word_joiner.json a.b NotFound
fiter n_structure_whitespace_U+2060_word_joiner.json end NotFound
file n_structure_whitespace_formfeed.json 3
fsearch n_structure_whitespace_formfeed.json a NotFound
fsearch n_structure_whitespace_formfeed.json [0] NotFound
fsearch n_structure_whitespace_formfeed.json a.b NotFound
fiter n_structure_whitespace_formfeed.json end NotFound
file y_array_arraysWithSpaces.json 7
fsearch y_array_arraysWithSpaces.json a NotFound
fsearch y_array_arraysWithSpaces.json [0] Success 1 2 Array
fsearch y_array_arraysWithSpaces.json a.b NotFound
fiter y_array_arraysWithSpaces.json pair 0 nokey 1 2 Array
fiter y_array_arraysWithSpaces.json end NotFound
file y_array_empty-string.json 4
fsearch y_array_empty-string.json a NotFound
fsearch y_array_empty-string.json [0] Success 2 0 String
fsearch y_array_empty-string.json a.b NotFound
fiter y_array_empty-string.json pair 0 nokey 2 0 String
fiter y_array_empty-string.json end NotFound
file y_array_empty.json 2
fsearch y_array_empty.json a NotFound
fsearch y_array_empty.json [0] NotFound
fsearch y_array_empty.json a.b NotFound
fiter y_array_empty.json end NotFound
file y_array_ending_with_newline.json 5
fsearch y_array_ending_with_newline.json a NotFound
fsearch y_array_ending_with_newline.json [0] Success 2 1 String
fsearch y_array_ending_with_newline.json a.b NotFound
fiter y_array_ending_with_newline.json pair 0 nokey 2 1 String
fiter y_array_ending_with_newline.json end NotFound
file y_array_false.json 7
fsearch y_array_false.json a NotFound
fsearch y_array_false.json [0] Success 1 5 False
fsearch y_array_false.json a.b NotFound
fiter y_array_false.json pair 0 nokey 1 5 False
fiter y_array_false.json end NotFound
file y_array_heterogeneous.json 18
fsearch y_array_heterogeneous.json a NotFound
fsearch y_array_heterogeneous.json [0] Success 1 4 Null
fsearch y_array_heterogeneous.json a.b NotFound
fiter y_array_heterogeneous.json pair 0 nokey 1 4 Null
fiter y_array_heterogeneous.json pair 1 nokey 7 1 Number
fiter y_array_heterogeneous.json pair 2 nokey 11 1 String
fiter y_array_heterogeneous.json pair 3 nokey 15 2 Object
fiter y_array_heterogeneous.json end NotFound
file y_array_null.json 6
fsearch y_array_null.json a NotFound
fsearch y_array_null.json [0] Success 1 4 Null
fsearch y_array_null.json a.b NotFound
fiter y_array_null.json pair 0 nokey 1 4 Null
fiter y_array_null.json end NotFound
file y_array_with_1_and_newline.json 5
fsearch y_array_with_1_and_newline.json a NotFound
fsearch y_array_with_1_and_newline.json [0] Success 1 1 Number
fsearch y_array_with_1_and_newline.json a.b NotFound
fiter y_array_with_1_and_newline.json pair 0 nokey 1 1 Number
fiter y_array_with_1_and_newline.json end NotFound
file y_array_with_leading_space.json 4
fsearch y_array_with_leading_space.json a NotFound
fsearch y_array_with_leading_space.json [0] Success 2 1 Number
fsearch y_array_with_leading_space.json a.b NotFound
fiter y_array_with_leading_space.json pair 0 nokey 2 1 Number
fiter y_array_with_leading_space.json end NotFound
file y_array_with_several_null.json 20
fsearch y_array_with_several_null.json a NotFound
fsearch y_array_with_several_null.json [0] Success 1 1 Number
fsearch y_array_with_several_null.json a.b NotFound
fiter y_array_with_several_null.json pair 0 nokey 1 1 Number
fiter y_array_with_several_null.json pair 1 nokey 3 4 Null
fiter y_array_with_several_null.json pair 2 nokey 8 4 Null
fiter y_array_with_several_null.json pair 3 nokey 13 4 Null
fiter y_array_with_several_null.json pair 4 nokey 18 1 Number
fiter y_array_with_several_null.json end NotFound
file y_array_with_trailing_space.json 4
fsearch y_array_with_trailing_space.json a NotFound
fsearch y_array_with_trailing_space.json [0] Success 1 1 Number
fsearch y_array_with_trailing_space.json a.b NotFound
fiter y_array_with_trailing_space.json pair 0 nokey 1 1 Number
fiter y_array_with_trailing_space.json end NotFound
file y_number.json 8
fsearch y_number.json a NotFound
fsearch y_number.json [0] Success 1 6 Number
fsearch y_number.json a.b NotFound
fiter y_number.json pair 0 nokey 1 6 Number
fiter y_number.json end NotFound
file y_number_0e+1.json 6
fsearch y_number_0e+1.json a NotFound
fsearch y_number_0e+1.json [0] Success 1 4 Number
fsearch y_number_0e+1.json a.b NotFound
fiter y_number_0e+1.json pair 0 nokey 1 4 Number
fiter y_number_0e+1.json end NotFound
file y_number_0e1.json 5
fsearch y_number_0e1.json a NotFound
fsearch y_number_0e1.json [0] Success 1 3 Number
fsearch y_number_0e1.json a.b NotFound
fiter y_number_0e1.json pair 0 nokey 1 3 Number
fiter y_number_0e1.json end NotFound
file y_number_after_space.json 4
fsearch y_number_after_space.json a NotFound
fsearch y_number_after_space.json [0] Success 2 1 Number
fsearch y_number_after_space.json a.b NotFound
fiter y_number_after_space.json pair 0 nokey 2 1 Number
fiter y_number_after_space.json end NotFound
file y_number_double_close_to_zero.json 85
fsearch y_number_double_close_to_zero.json a NotFound
fsearch y_number_double_close_to_zero.json [0] Success 1 81 Number
fsearch y_number_double_close_to_zero.json a.b NotFound
fiter y_number_double_close_to_zero.json pair 0 nokey 1 81 Number
fiter y_number_double_close_to_zero.json end NotFound
file y_number_int_with_exp.json 6
fsearch y_number_int_with_exp.json a NotFound
fsearch y_number_int_with_exp.json [0] Success 1 4 Number
fsearch y_number_int_with_exp.json a.b NotFound
fiter y_number_int_with_exp.json pair 0 nokey 1 4 Number
fiter y_number_int_with_exp.json end NotFound
file y_number_minus_zero.json 4
fsearch y_number_minus_zero.json a NotFound
fsearch y_number_minus_zero.json [0] Success 1 2 Number
fsearch y_number_minus_zero.json a.b NotFound
fiter y_number_minus_zero.json pair 0 nokey 1 2 Number
fiter y_number_minus_zero.json end NotFound
file y_number_negative_int.json 6
fsearch y_number_negative_int.json a NotFound
fsearch y_number_negative_int.json [0] Success 1 4 Number
fsearch y_number_negative_int.json a.b NotFound
fiter y_number_negative_int.json pair 0 nokey 1 4 Number
fiter y_number_negative_int.json end NotFound
file y_number_negative_one.json 4
fsearch y_number_negative_one.json a NotFound
fsearch y_number_negative_one.json [0] Success 1 2 Number
fsearch y_number_negative_one.json a.b NotFound
fiter y_number_negative_one.json pair 0 nokey 1 2 Number
fiter y_number_negative_one.json end NotFound
file y_number_negative_zero.json 4
fsearch y_number_negative_zero.json a NotFound
fsearch y_number_negative_zero.json [0] Success 1 2 Number
fsearch y_number_negative_zero.json a.b NotFound
fiter y_number_negative_zero.json pair 0 nokey 1 2 Number
fiter y_number_negative_zero.json end NotFound
file y_number_real_capital_e.json 6
fsearch y_number_real_capital_e.json a NotFound
fsearch y_number_real_capital_e.json [0] Success 1 4 Number
fsearch y_number_real_capital_e.json a.b NotFound
fiter y_number_real_capital_e.json pair 0 nokey 1 4 Number
fiter y_number_real_capital_e.json end NotFound
file y_number_real_capital_e_neg_exp.json 6
fsearch y_number_real_capital_e_neg_exp.json a NotFound
fsearch y_number_real_capital_e_neg_exp.json [0] Success 1 4 Number
fsearch y_number_real_capital_e_neg_exp.json a.b NotFound
fiter y_number_real_capital_e_neg_exp.json pair 0 nokey 1 4 Number
fiter y_number_real_capital_e_neg_exp.json end NotFound
file y_number_real_capital_e_pos_exp.json 6
fsearch y_number_real_capital_e_pos_exp.json a NotFound
fsearch y_number_real_capital_e_pos_exp.json [0] Success 1 4 Number
fsearch y_number_real_capital_e_pos_exp.json a.b NotFound
fiter y_number_real_capital_e_pos_exp.json pair 0 nokey 1 4 Number
fiter y_number_real_capital_e_pos_exp.json end NotFound
file y_number_real_exponent.json 8
fsearch y_number_real_exponent.json a NotFound
fsearch y_number_real_exponent.json [0] Success 1 6 Number
fsearch y_number_real_exponent.json a.b NotFound
fiter y_number_real_exponent.json pair 0 nokey 1 6 Number
fiter y_number_real_exponent.json end NotFound
file y_number_real_fraction_exponent.json 12
fsearch y_number_real_fraction_exponent.json a NotFound
fsearch y_number_real_fraction_exponent.json [0] Success 1 10 Number
fsearch y_number_real_fraction_exponent.json a.b NotFound
fiter y_number_real_fraction_exponent.json pair 0 nokey 1 10 Number
fiter y_number_real_fraction_exponent.json end NotFound
file y_number_real_neg_exp.json 6
fsearch y_number_real_neg_exp.json a NotFound
fsearch y_number_real_neg_exp.json [0] Success 1 4 Number
fsearch y_number_real_neg_exp.json a.b NotFound
fiter y_number_real_neg_exp.json pair 0 nokey 1 4 Number
fiter y_number_real_neg_exp.json end NotFound
file y_number_real_pos_exponent.json 6
fsearch y_number_real_pos_exponent.json a NotFound
fsearch y_number_real_pos_exponent.json [0] Success 1 4 Number
fsearch y_number_real_pos_exponent.json a.b NotFound
fiter y_number_real_pos_exponent.json pair 0 nokey 1 4 Number
fiter y_number_real_pos_exponent.json end NotFound
file y_number_simple_int.json 5
fsearch y_number_simple_int.json a NotFound
fsearch y_number_simple_int.json [0] Success 1 3 Number
fsearch y_number_simple_int.json a.b NotFound
fiter y_number_simple_int.json pair 0 nokey 1 3 Number
fiter y_number_simple_int.json end NotFound
file y_number_simple_real.json 12
fsearch y_number_simple_real.json a NotFound
fsearch y_number_simple_real.json [0] Success 1 10 Number
fsearch y_number_simple_real.json a.b NotFound
fiter y_number_simple_real.json pair 0 nokey 1 10 Number
fiter y_number_simple_real.json end NotFound
file y_object.json 26
fsearch y_object.json a NotFound
fsearch y_object.json [0] NotFound
fsearch y_object.json a.b NotFound
fiter y_object.json pair 0 key 2 3 8 3 String
fiter y_object.json pair 1 key 15 3 21 3 String
fiter y_object.json end NotFound
file y_object_basic.json 13
fsearch y_object_basic.json a NotFound
fsearch y_object_basic.json [0] NotFound
fsearch y_object_basic.json a.b NotFound
fiter y_object_basic.json pair 0 key 2 3 8 3 String
fiter y_object_basic.json end NotFound
file y_object_duplicated_key.json 17
fsearch y_object_duplicated_key.json a Success 6 1 String
fsearch y_object_duplicated_key.json [0] NotFound
fsearch y_object_duplicated_key.json a.b NotFound
fiter y_object_duplicated_key.json pair 0 key 2 1 6 1 String
fiter y_object_duplicated_key.json pair 1 key 10 1 14 1 String
fiter y_object_duplicated_key.json end NotFound
file y_object_duplicated_key_and_value.json 17
fsearch y_object_duplicated_key_and_value.json a Success 6 1 String
fsearch y_object_duplicated_key_and_value.json [0] NotFound
fsearch y_object_duplicated_key_and_value.json a.b NotFound
fiter y_object_duplicated_key_and_value.json pair 0 key 2 1 6 1 String
fiter y_object_duplicated_key_and_value.json pair 1 key 10 1 14 1 String
fiter y_object_duplicated_key_and_value.json end NotFound
file y_object_empty.json 2
fsearch y_object_empty.json a NotFound
fsearch y_object_empty.json [0] NotFound
fsearch y_object_empty.json a.b NotFound
fiter y_object_empty.json end NotFound
file y_object_empty_key.json 6
fsearch y_object_empty_key.json a NotFound
fsearch y_object_empty_key.json [0] NotFound
fsearch y_object_empty_key.json a.b NotFound
fiter y_object_empty_key.json pair 0 key 2 0 4 1 Number
fiter y_object_empty_key.json end NotFound
file y_object_escaped_null_in_key.json 20
fsearch y_object_escaped_null_in_key.json a NotFound
fsearch y_object_escaped_null_in_key.json [0] NotFound
fsearch y_object_escaped_null_in_key.json a.b NotFound
fiter y_object_escaped_null_in_key.json pair 0 key 2 12 17 2 Number
fiter y_object_escaped_null_in_key.json end NotFound
file y_object_extreme_numbers.json 35
fsearch y_object_extreme_numbers.json a NotFound
fsearch y_object_extreme_numbers.json [0] NotFound
fsearch y_object_extreme_numbers.json a.b NotFound
fiter y_object_extreme_numbers.json pair 0 key 3 3 9 8 Number
fiter y_object_extreme_numbers.json pair 1 key 20 3 26 7 Number
fiter y_object_extreme_numbers.json end NotFound
file y_object_long_strings.json 108
fsearch y_object_long_strings.json a NotFound
fsearch y_object_long_strings.json [0] NotFound
fsearch y_object_long_strings.json a.b NotFound
fiter y_object_long_strings.json pair 0 key 2 1 5 52 Array
fiter y_object_long_strings.json pair 1 key 60 2 66 40 String
fiter y_object_long_strings.json end NotFound
file y_object_simple.json 8
fsearch y_object_simple.json a Success 5 2 Array
fsearch y_object_simple.json [0] NotFound
fsearch y_object_simple.json a.b NotFound
fiter y_object_simple.json pair 0 key 2 1 5 2 Array
fiter y_object_simple.json end NotFound
file y_object_string_unicode.json 110
fsearch y_object_string_unicode.json a NotFound
fsearch y_object_string_unicode.json [0] NotFound
fsearch y_object_string_unicode.json a.b NotFound
fiter y_object_string_unicode.json pair 0 key 2 5 10 97 String
fiter y_object_string_unicode.json end NotFound
file y_object_with_newlines.json 14
fsearch y_object_with_newlines.json a Success 9 1 String
fsearch y_object_with_newlines.json [0] NotFound
fsearch y_object_with_newlines.json a.b NotFound
fiter y_object_with_newlines.json pair 0 key 4 1 9 1 String
fiter y_object_with_newlines.json end NotFound
file y_string_1_2_3_bytes_UTF-8_sequences.json 22
fsearch y_string_1_2_3_bytes_UTF-8_sequences.json a NotFound
fsearch y_string_1_2_3_bytes_UTF-8_sequences.json [0] Success 2 18 String
fsearch y_string_1_2_3_bytes_UTF-8_sequences.json a.b NotFound
fiter y_string_1_2_3_bytes_UTF-8_sequences.json pair 0 nokey 2 18 String
fiter y_string_1_2_3_bytes_UTF-8_sequences.json end NotFound
file y_string_accepted_surrogate_pair.json 16
fsearch y_string_accepted_surrogate_pair.json a NotFound
fsearch y_string_accepted_surrogate_pair.json [0] Success 2 12 String
fsearch y_string_accepted_surrogate_pair.json a.b NotFound
fiter y_string_accepted_surrogate_pair.json pair 0 nokey 2 12 String
fiter y_string_accepted_surrogate_pair.json end NotFound
file y_string_accepted_surrogate_pairs.json 28
fsearch y_string_accepted_surrogate_pairs.json a NotFound
fsearch y_string_accepted_surrogate_pairs.json [0] Success 2 24 String
fsearch y_string_accepted_surrogate_pairs.json a.b NotFound
fiter y_string_accepted_surrogate_pairs.json pair 0 nokey 2 24 String
fiter y_string_accepted_surrogate_pairs.json end NotFound
file y_string_allowed_escapes.json 20
fsearch y_string_allowed_escapes.json a NotFound
fsearch y_string_allowed_escapes.json [0] Success 2 16 String
fsearch y_string_allowed_escapes.json a.b NotFound
fiter y_string_allowed_escapes.json pair 0 nokey 2 16 String
fiter y_string_allowed_escapes.json end NotFound
file y_string_backslash_and_u_escaped_zero.json 11
fsearch y_string_backslash_and_u_escaped_zero.json a NotFound
fsearch y_string_backslash_and_u_escaped_zero.json [0] Success 2 7 String
fsearch y_string_backslash_and_u_escaped_zero.json a.b NotFound
fiter y_string_backslash_and_u_escaped_zero.json pair 0 nokey 2 7 String
fiter y_string_backslash_and_u_escaped_zero.json end NotFound
file y_string_backslash_doublequotes.json 6
fsearch y_string_backslash_doublequotes.json a NotFound
fsearch y_string_backslash_doublequotes.json [0] Success 2 2 String
fsearch y_string_backslash_doublequotes.json a.b NotFound
fiter y_string_backslash_doublequotes.json pair 0 nokey 2 2 String
fiter y_string_backslash_doublequotes.json end NotFound
file y_string_comments.json 17
fsearch y_string_comments.json a NotFound
fsearch y_string_comments.json [0] Success 2 13 String
fsearch y_string_comments.json a.b NotFound
fiter y_string_comments.json pair 0 nokey 2 13 String
fiter y_string_comments.json end NotFound
file y_string_double_escape_a.json 7
fsearch y_string_double_escape_a.json a NotFound
fsearch y_string_double_escape_a.json [0] Success 2 3 String
fsearch y_string_double_escape_a.json a.b NotFound
fiter y_string_double_escape_a.json pair 0 nokey 2 3 String
fiter y_string_double_escape_a.json end NotFound
file y_string_double_escape_n.json 7
fsearch y_string_double_escape_n.json a NotFound
fsearch y_string_double_escape_n.json [0] Success 2 3 String
fsearch y_string_double_escape_n.json a.b NotFound
fiter y_string_double_escape_n.json pair 0 nokey 2 3 String
fiter y_string_double_escape_n.json end NotFound
file y_string_escaped_control_character.json 10
fsearch y_string_escaped_control_character.json a NotFound
fsearch y_string_escaped_control_character.json [0] Success 2 6 String
fsearch y_string_escaped_control_character.json a.b NotFound
fiter y_string_escaped_control_character.json pair 0 nokey 2 6 String
fiter y_string_escaped_control_character.json end NotFound
file y_string_escaped_noncharacter.json 10
fsearch y_string_escaped_noncharacter.json a NotFound
fsearch y_string_escaped_noncharacter.json [0] Success 2 6 String
fsearch y_string_escaped_noncharacter.json a.b NotFound
fiter y_string_escaped_noncharacter.json pair 0 nokey 2 6 String
fiter y_string_escaped_noncharacter.json end NotFound
file y_string_in_array.json 7
fsearch y_string_in_array.json a NotFound
fsearch y_string_in_array.json [0] Success 2 3 String
fsearch y_string_in_array.json a.b NotFound
fiter y_string_in_array.json pair 0 nokey 2 3 String
fiter y_string_in_array.json end NotFound
file y_string_in_array_with_leading_space.json 8
fsearch y_string_in_array_with_leading_space.json a NotFound
fsearch y_string_in_array_with_leading_space.json [0] Success 3 3 String
fsearch y_string_in_array_with_leading_space.json a.b NotFound
fiter y_string_in_array_with_leading_space.json pair 0 nokey 3 3 String
fiter y_string_in_array_with_leading_space.json end NotFound
file y_string_last_surrogates_1_and_2.json 16
fsearch y_string_last_surrogates_1_and_2.json a NotFound
fsearch y_string_last_surrogates_1_and_2.json [0] Success 2 12 String
fsearch y_string_last_surrogates_1_and_2.json a.b NotFound
fiter y_string_last_surrogates_1_and_2.json pair 0 nokey 2 12 String
fiter y_string_last_surrogates_1_and_2.json end NotFound
file y_string_nbsp_uescaped.json 17
fsearch y_string_nbsp_uescaped.json a NotFound
fsearch y_string_nbsp_uescaped.json [0] Success 2 13 String
fsearch y_string_nbsp_uescaped.json a.b NotFound
fiter y_string_nbsp_uescaped.json pair 0 nokey 2 13 String
fiter y_string_nbsp_uescaped.json end NotFound
file y_string_nonCharacterInUTF-8_U+10FFFF.json 8
fsearch y_string_nonCharacterInUTF-8_U+10FFFF.json a NotFound
fsearch y_string_nonCharacterInUTF-8_U+10FFFF.json [0] Success 2 4 String
fsearch y_string_nonCharacterInUTF-8_U+10FFFF.json a.b NotFound
fiter y_string_nonCharacterInUTF-8_U+10FFFF.json pair 0 nokey 2 4 String
fiter y_string_nonCharacterInUTF-8_U+10FFFF.json end NotFound
file y_string_nonCharacterInUTF-8_U+FFFF.json 7
fsearch y_string_nonCharacterInUTF-8_U+FFFF.json a NotFound
fsearch y_string_nonCharacterInUTF-8_U+FFFF.json [0] Success 2 3 String
fsearch y_string_nonCharacterInUTF-8_U+FFFF.json a.b NotFound
fiter y_string_nonCharacterInUTF-8_U+FFFF.json pair 0 nokey 2 3 String
fiter y_string_nonCharacterInUTF-8_U+FFFF.json end NotFound
file y_string_null_escape.json 10
fsearch y_string_null_escape.json a NotFound
fsearch y_string_null_escape.json [0] Success 2 6 String
fsearch y_string_null_escape.json a.b NotFound
fiter y_string_null_escape.json pair 0 nokey 2 6 String
fiter y_string_null_escape.json end NotFound
file y_string_one-byte-utf-8.json 10
fsearch y_string_one-byte-utf-8.json a NotFound
fsearch y_string_one-byte-utf-8.json [0] Success 2 6 String
fsearch y_string_one-byte-utf-8.json a.b NotFound
fiter y_string_one-byte-utf-8.json pair 0 nokey 2 6 String
fiter y_string_one-byte-utf-8.json end NotFound
file y_string_pi.json 6
fsearch y_string_pi.json a NotFound
fsearch y_string_pi.json [0] Success 2 2 String
fsearch y_string_pi.json a.b NotFound
fiter y_string_pi.json pair 0 nokey 2 2 String
fiter y_string_pi.json end NotFound
file y_string_reservedCharacterInUTF-8_U+1BFFF.json 8
fsearch y_string_reservedCharacterInUTF-8_U+1BFFF.json a NotFound
fsearch y_string_reservedCharacterInUTF-8_U+1BFFF.json [0] Success 2 4 String
fsearch y_string_reservedCharacterInUTF-8_U+1BFFF.json a.b NotFound
fiter y_string_reservedCharacterInUTF-8_U+1BFFF.json pair 0 nokey 2 4 String
fiter y_string_reservedCharacterInUTF-8_U+1BFFF.json end NotFound
file y_string_simple_ascii.json 8
fsearch y_string_simple_ascii.json a NotFound
fsearch y_string_simple_ascii.json [0] Success 2 4 String
fsearch y_string_simple_ascii.json a.b NotFound
fiter y_string_simple_ascii.json pair 0 nokey 2 4 String
fiter y_string_simple_ascii.json end NotFound
file y_string_space.json 3
fsearch y_string_space.json a NotFound
fsearch y_string_space.json [0] NotFound
fsearch y_string_space.json a.b NotFound
fiter y_string_space.json end IllegalDocument
file y_string_surrogates_U+1D11E_MUSICAL_SYMBOL_G_CLEF.json 16
fsearch y_string_surrogates_U+1D11E_MUSICAL_SYMBOL_G_CLEF.json a NotFound
fsearch y_string_surrogates_U+1D11E_MUSICAL_SYMBOL_G_CLEF.json [0] Success 2 12 String
fsearch y_string_surrogates_U+1D11E_MUSICAL_SYMBOL_G_CLEF.json a.b NotFound
fiter y_string_surrogates_U+1D11E_MUSICAL_SYMBOL_G_CLEF.json pair 0 nokey 2 12 String
fiter y_string_surrogates_U+1D11E_MUSICAL_SYMBOL_G_CLEF.json end NotFound
file y_string_three-byte-utf-8.json 10
fsearch y_string_three-byte-utf-8.json a NotFound
fsearch y_string_three-byte-utf-8.json [0] Success 2 6 String
fsearch y_string_three-byte-utf-8.json a.b NotFound
fiter y_string_three-byte-utf-8.json pair 0 nokey 2 6 String
fiter y_string_three-byte-utf-8.json end NotFound
file y_string_two-byte-utf-8.json 10
fsearch y_string_two-byte-utf-8.json a NotFound
fsearch y_string_two-byte-utf-8.json [0] Success 2 6 String
fsearch y_string_two-byte-utf-8.json a.b NotFound
fiter y_string_two-byte-utf-8.json pair 0 nokey 2 6 String
fiter y_string_two-byte-utf-8.json end NotFound
file y_string_u+2028_line_sep.json 7
fsearch y_string_u+2028_line_sep.json a NotFound
fsearch y_string_u+2028_line_sep.json [0] Success 2 3 String
fsearch y_string_u+2028_line_sep.json a.b NotFound
fiter y_string_u+2028_line_sep.json pair 0 nokey 2 3 String
fiter y_string_u+2028_line_sep.json end NotFound
file y_string_u+2029_par_sep.json 7
fsearch y_string_u+2029_par_sep.json a NotFound
fsearch y_string_u+2029_par_sep.json [0] Success 2 3 String
fsearch y_string_u+2029_par_sep.json a.b NotFound
fiter y_string_u+2029_par_sep.json pair 0 nokey 2 3 String
fiter y_string_u+2029_par_sep.json end NotFound
file y_string_uEscape.json 28
fsearch y_string_uEscape.json a NotFound
fsearch y_string_uEscape.json [0] Success 2 24 String
fsearch y_string_uEscape.json a.b NotFound
fiter y_string_uEscape.json pair 0 nokey 2 24 String
fiter y_string_uEscape.json end NotFound
file y_string_uescaped_newline.json 17
fsearch y_string_uescaped_newline.json a NotFound
fsearch y_string_uescaped_newline.json [0] Success 2 13 String
fsearch y_string_uescaped_newline.json a.b NotFound
fiter y_string_uescaped_newline.json pair 0 nokey 2 13 String
fiter y_string_uescaped_newline.json end NotFound
file y_string_unescaped_char_delete.json 5
fsearch y_string_unescaped_char_delete.json a NotFound
fsearch y_string_unescaped_char_delete.json [0] Success 2 1 String
fsearch y_string_unescaped_char_delete.json a.b NotFound
fiter y_string_unescaped_char_delete.json pair 0 nokey 2 1 String
fiter y_string_unescaped_char_delete.json end NotFound
file y_string_unicode.json 10
fsearch y_string_unicode.json a NotFound
fsearch y_string_unicode.json [0] Success 2 6 String
fsearch y_string_unicode.json a.b NotFound
fiter y_string_unicode.json pair 0 nokey 2 6 String
fiter y_string_unicode.json end NotFound
file y_string_unicodeEscapedBackslash.json 10
fsearch y_string_unicodeEscapedBackslash.json a NotFound
fsearch y_string_unicodeEscapedBackslash.json [0] Success 2 6 String
fsearch y_string_unicodeEscapedBackslash.json a.b NotFound
fiter y_string_unicodeEscapedBackslash.json pair 0 nokey 2 6 String
fiter y_string_unicodeEscapedBackslash.json end NotFound
file y_string_unicode_2.json 13
fsearch y_string_unicode_2.json a NotFound
fsearch y_string_unicode_2.json [0] Success 2 9 String
fsearch y_string_unicode_2.json a.b NotFound
fiter y_string_unicode_2.json pair 0 nokey 2 9 String
fiter y_string_unicode_2.json end NotFound
file y_string_unicode_U+10FFFE_nonchar.json 16
fsearch y_string_unicode_U+10FFFE_nonchar.json a NotFound
fsearch y_string_unicode_U+10FFFE_nonchar.json [0] Success 2 12 String
fsearch y_string_unicode_U+10FFFE_nonchar.json a.b NotFound
fiter y_string_unicode_U+10FFFE_nonchar.json pair 0 nokey 2 12 String
fiter y_string_unicode_U+10FFFE_nonchar.json end NotFound
file y_string_unicode_U+1FFFE_nonchar.json 16
fsearch y_string_unicode_U+1FFFE_nonchar.json a NotFound
fsearch y_string_unicode_U+1FFFE_nonchar.json [0] Success 2 12 String
fsearch y_string_unicode_U+1FFFE_nonchar.json a.b NotFound
fiter y_string_unicode_U+1FFFE_nonchar.json pair 0 nokey 2 12 String
fiter y_string_unicode_U+1FFFE_nonchar.json end NotFound
file y_string_unicode_U+200B_ZERO_WIDTH_SPACE.json 10
fsearch y_string_unicode_U+200B_ZERO_WIDTH_SPACE.json a NotFound
fsearch y_string_unicode_U+200B_ZERO_WIDTH_SPACE.json [0] Success 2 6 String
fsearch y_string_unicode_U+200B_ZERO_WIDTH_SPACE.json a.b NotFound
fiter y_string_unicode_U+200B_ZERO_WIDTH_SPACE.json pair 0 nokey 2 6 String
fiter y_string_unicode_U+200B_ZERO_WIDTH_SPACE.json end NotFound
file y_string_unicode_U+2064_invisible_plus.json 10
fsearch y_string_unicode_U+2064_invisible_plus.json a NotFound
fsearch y_string_unicode_U+2064_invisible_plus.json [0] Success 2 6 String
fsearch y_string_unicode_U+2064_invisible_plus.json a.b NotFound
fiter y_string_unicode_U+2064_invisible_plus.json pair 0 nokey 2 6 String
fiter y_string_unicode_U+2064_invisible_plus.json end NotFound
file y_string_unicode_U+FDD0_nonchar.json 10
fsearch y_string_unicode_U+FDD0_nonchar.json a NotFound
fsearch y_string_unicode_U+FDD0_nonchar.json [0] Success 2 6 String
fsearch y_string_unicode_U+FDD0_nonchar.json a.b NotFound
fiter y_string_unicode_U+FDD0_nonchar.json pair 0 nokey 2 6 String
fiter y_string_unicode_U+FDD0_nonchar.json end NotFound
file y_string_unicode_U+FFFE_nonchar.json 10
fsearch y_string_unicode_U+FFFE_nonchar.json a NotFound
fsearch y_string_unicode_U+FFFE_nonchar.json [0] Success 2 6 String
fsearch y_string_unicode_U+FFFE_nonchar.json a.b NotFound
fiter y_string_unicode_U+FFFE_nonchar.json pair 0 nokey 2 6 String
fiter y_string_unicode_U+FFFE_nonchar.json end NotFound
file y_string_unicode_escaped_double_quote.json 10
fsearch y_string_unicode_escaped_double_quote.json a NotFound
fsearch y_string_unicode_escaped_double_quote.json [0] Success 2 6 String
fsearch y_string_unicode_escaped_double_quote.json a.b NotFound
fiter y_string_unicode_escaped_double_quote.json pair 0 nokey 2 6 String
fiter y_string_unicode_escaped_double_quote.json end NotFound
file y_string_utf8.json 11
fsearch y_string_utf8.json a NotFound
fsearch y_string_utf8.json [0] Success 2 7 String
fsearch y_string_utf8.json a.b NotFound
fiter y_string_utf8.json pair 0 nokey 2 7 String
fiter y_string_utf8.json end NotFound
file y_string_with_del_character.json 7
fsearch y_string_with_del_character.json a NotFound
fsearch y_string_with_del_character.json [0] Success 2 3 String
fsearch y_string_with_del_character.json a.b NotFound
fiter y_string_with_del_character.json pair 0 nokey 2 3 String
fiter y_string_with_del_character.json end NotFound
file y_structure_lonely_false.json 5
fsearch y_structure_lonely_false.json a NotFound
fsearch y_structure_lonely_false.json [0] NotFound
fsearch y_structure_lonely_false.json a.b NotFound
fiter y_structure_lonely_false.json end IllegalDocument
file y_structure_lonely_int.json 2
fsearch y_structure_lonely_int.json a NotFound
fsearch y_structure_lonely_int.json [0] NotFound
fsearch y_structure_lonely_int.json a.b NotFound
fiter y_structure_lonely_int.json end IllegalDocument
file y_structure_lonely_negative_real.json 4
fsearch y_structure_lonely_negative_real.json a NotFound
fsearch y_structure_lonely_negative_real.json [0] NotFound
fsearch y_structure_lonely_negative_real.json a.b NotFound
fiter y_structure_lonely_negative_real.json end IllegalDocument
file y_structure_lonely_null.json 4
fsearch y_structure_lonely_null.json a NotFound
fsearch y_structure_lonely_null.json [0] NotFound
fsearch y_structure_lonely_null.json a.b NotFound
fiter y_structure_lonely_null.json end IllegalDocument
file y_structure_lonely_string.json 5
fsearch y_structure_lonely_string.json a NotFound
fsearch y_structure_lonely_string.json [0] NotFound
fsearch y_structure_lonely_string.json a.b NotFound
fiter y_structure_lonely_string.json end IllegalDocument
file y_structure_lonely_true.json 4
fsearch y_structure_lonely_true.json a NotFound
fsearch y_structure_lonely_true.json [0] NotFound
fsearch y_structure_lonely_true.json a.b NotFound
fiter y_structure_lonely_true.json end IllegalDocument
file y_structure_string_empty.json 2
fsearch y_structure_string_empty.json a NotFound
fsearch y_structure_string_empty.json [0] NotFound
fsearch y_structure_string_empty.json a.b NotFound
fiter y_structure_string_empty.json end IllegalDocument
file y_structure_trailing_newline.json 7
fsearch y_structure_trailing_newline.json a NotFound
fsearch y_structure_trailing_newline.json [0] Success 2 1 String
fsearch y_structure_trailing_newline.json a.b NotFound
fiter y_structure_trailing_newline.json pair 0 nokey 2 1 String
fiter y_structure_trailing_newline.json end NotFound
file y_structure_true_in_array.json 6
fsearch y_structure_true_in_array.json a NotFound
fsearch y_structure_true_in_array.json [0] Success 1 4 True
fsearch y_structure_true_in_array.json a.b NotFound
fiter y_structure_true_in_array.json pair 0 nokey 1 4 True
fiter y_structure_true_in_array.json end NotFound
file y_structure_whitespace_array.json 4
fsearch y_structure_whitespace_array.json a NotFound
fsearch y_structure_whitespace_array.json [0] NotFound
fsearch y_structure_whitespace_array.json a.b NotFound
fiter y_structure_whitespace_array.json end NotFound
end
