# callgrind format
version: 1
creator: callgrind-3.26.0
pid: 965
cmd:  ./target/release/json-ir
part: 1


desc: I1 cache: 
desc: D1 cache: 
desc: LL cache: 

desc: Timerange: Basic block 0 - 5221265
desc: Trigger: Program termination

positions: line
events: Ir
summary: 21425051


ob=(1) /usr/lib/x86_64-linux-gnu/ld-linux-x86-64.so.2
fl=(39) ./elf/./elf/dl-hwcaps.c
fn=(108) _dl_important_hwcaps
171 6
+3 1
-3 3
+3 1
-3 6
+2 1
cfi=(40) ./elf/../sysdeps/x86_64/dl-hwcaps-subdirs.c
cfn=(110) _dl_hwcaps_subdirs_active
calls=1 29 
* 36
fi=(41) ./elf/./dl-hwcaps.h
43 1
fe=(39)
173 1
fi=(41)
45 1
+32 1
+1 1
+1 1
fe=(39)
-28 2
cfi=(42) ./elf/./elf/dl-hwcaps_split.c
cfn=(116) _dl_hwcaps_split_masked
calls=1 * 
* 22
* 2
fi=(41)
-8 1
+2 1
-2 1
+34 2
+1 2
+1 1
fe=(39)
-25 2
-1 2
+1 2
+2 4
-5 4
cfi=(42)
cfn=(116)
calls=2 * 
* 128
* 2
cfi=(42)
cfn=(116)
calls=1 * 
* 125
* 6
+48 4
fi=(28) ./elf/../include/rtld-malloc.h
-43 2
cfi=(27) ./elf/./elf/dl-minimal-malloc.c
cfn=(76) __minimal_malloc
calls=1 -20 
* 18
fe=(39)
+45 2
-2 1
+2 1
fi=(41)
-58 3
fe=(39)
+61 1
fi=(41)
-59 1
fe=(39)
+66 1
fi=(41)
-65 1
fe=(39)
+65 2
cfi=(42)
cfn=(120) _dl_hwcaps_split
calls=1 -86 
* 7
* 2
fi=(41)
-68 2
+2 1
-2 3
+34 2
+1 2
fe=(39)
+46 3
fi=(41)
-45 1
fe=(39)
+47 10
+1 4
+1 2
+1 2
-1 2
-4 4
cfi=(42)
cfn=(116)
calls=2 -73 
* 128
* 2
cfi=(42)
cfn=(116)
calls=1 -73 
* 125
* 6
+8 4
+9 3
+3 1
-3 9
+1 7
+8 2
+4 2
-4 2
+4 3
cfi=(44) ./string/../sysdeps/x86_64/multiarch/../multiarch/memcmp-sse2.S
cfn=(122) bcmp
calls=1 -95 
* 19
+1 2
+1 1
+4 1
+1 2
+1 1
-20 2
+19 1
+1 1
-20 3
-1 8
+47 4
-3 1
+7 1
-7 1
+7 1
fi=(28)
56 1
cfi=(27)
cfn=(76)
calls=1 -20 
* 18
fe=(39)
193 2
fi=(28)
56 1
fe=(39)
193 1
-9 1
fi=(41)
43 1
fe=(39)
+36 1
200 1
-16 1
+17 1
79 1
fi=(41)
-34 1
fe=(39)
201 1
fi=(41)
77 1
+1 1
fe=(39)
201 3
fi=(41)
79 1
fe=(39)
-3 2
cfi=(42)
cfn=(116)
calls=1 -25 
* 22
* 2
fi=(41)
-33 1
+2 1
fe=(39)
+34 2
fi=(41)
-36 1
+34 2
+1 2
+1 1
fe=(39)
-1 2
+1 4
+7 2
-7 8
cfi=(29) ./string/../sysdeps/x86_64/multiarch/memmove-vec-unaligned-erms.S
cfn=(124) mempcpy
calls=2 197 
* 26
+4 2
+2 2
+2 2
-2 4
-9 4
cfi=(42)
cfn=(116)
calls=2 -25 
* 128
* 2
cfi=(42)
cfn=(116)
calls=1 -25 
* 125
* 6
212 2
-5 2
+1 1
+4 1
+3 9

fl=(66) ./io/../sysdeps/unix/sysv/linux/access.c
fn=(216) access
25 1
+2 7
+4 1

fl=(82) ./elf/./elf/dl-lookup.c
fn=(300) check_match
70 310
+3 1240
+13 775
-16 1395
+19 775
cfi=(33) ./string/../sysdeps/x86_64/multiarch/../multiarch/strcmp-sse2.S
cfn=(94) strcmp
calls=93 +9 
* 5100
* 186
+4 310
+1 310
+4 304
+4 304
+1 1368
+1 755
cfi=(33)
cfn=(94)
calls=151 -6 
* 7468
* 302
+54 151
-54 302
+55 1085
-1 3
-17 6
+2 6
+1 3
-1 6
+1 9
-1 6
-65 2
+31 3
+1 1
+1 2

fn=(294) _dl_lookup_symbol_x
767 1968
fi=(83) ./elf/../sysdeps/generic/dl-new-hash.h
74 164
fe=(82)
767 492
fi=(83)
77 328
-8 164
+1 328
+10 164
+1 328
-1 952
+1 1904
+20 1039
-2 1039
+6 1039
-3 2078
+2 1039
-30 1039
+3 2078
fe=(82)
769 164
+1 164
+3 164
-4 164
+1 164
+7 630
+5 328
-2 328
+6 492
-15 492
+15 1362
+1 2296
cfn=(298) do_lookup_x
calls=164 344 
* 71013
* 492
+5 656
+23 154
+1 904
+7 154
-7 154
+35 616
+14 462
+3 308
+17 308
+2 1476
fi=(83)
87 77
+1 77
+1 154
+1 77
fe=(82)
794 70
+17 10
+1 20
+54 2

fn=(298)
344 2460
+6 164
+59 164
-58 164
fi=(84) ./elf/../sysdeps/generic/dl-protected.h
29 164
fe=(82)
409 164
fi=(84)
29 164
fe=(82)
409 1148
-26 1346
+4 1346
+6 2019
+8 673
-4 673
+1 673
+3 2692
+1 1346
+3 673
-3 673
+4 1346
+7 673
-3 1346
-2 673
+5 2019
+3 4711
+99 1557
355 2019
+3 1346
+4 1346
518 20
fi=(4) ./elf/../sysdeps/generic/ldsodefs.h
151 308
+1 462
fe=(82)
473 308
fi=(84)
29 308
fe=(82)
480 1092
+16 308
+1 154
+1 154
+21 1312
-99 468
-1 312
+2 312
+2 154
+6 462
-6 154
+6 1232
+7 597
-10 1765
+2 155
+1 465
-1 155
+1 310
-1 155
+1 465
+1 155
-1 155
+1 155
-1 930
cfn=(300)
calls=155 70 
* 22487
+4 1697
+51 105

fl=(51) ./elf/./elf/dl-audit.c
fn=(518) _dl_audit_activity_nsid
41 3
+4 6
+1 3
-1 3
+2 15

fn=(594) _dl_audit_preinit
118 1
+1 4

fn=(214) _dl_audit_objopen
77 3
+1 12

fn=(152) _dl_audit_activity_map
29 1
+2 4

fn=(1374) _dl_audit_objclose
97 5
+1 20

fl=(11) ./elf/./elf/dl-tunables.c
fn=(28) __tunable_get_val
435 34
+3 68
-3 34
+3 170
+9 31
-9 62
+19 21
+7 102
+2 34
-19 13
+1 13
+9 6

fn=(22) __GI___tunables_init
294 1
+6 3
-6 1
+10 2
-10 3
-39 1
+39 1
+10 1
-10 2
+10 1
-10 3
+10 28
+2 1
43 125
+6 24
-3 24
+3 1858
+4 48
+4 24
fi=(12) ./elf/./elf/dl-tunables.h
161 68
fe=(11)
+27 24
319 96
+1 24
+2 72
-3 768
+1 192
+2 576
-5 672
fi=(12)
160 227
+1 908
-1 55
fe=(11)
337 6
+6 27
-3 27
+12 8

fn=(58) __GI___tunable_set_val
162 6
-89 6
+89 18
-89 48
+21 6
-11 6
+12 6
-1 18
+1 24
+4 12
+2 12
+4 6
-4 12
+11 12
+1 12
+3 12
+1 6
+1 6
+1 6
+47 6

fl=(15) ./elf/../sysdeps/x86/dl-get-cpu-features.c
fn=(34) _dl_x86_init_cpu_features
37 1
+2 3
+2 1
cfi=(16) ./elf/../sysdeps/x86/cpu-features.c
cfn=(36) init_cpu_features.constprop.0
calls=1 728 
* 7121

fn=(478) __x86_cpu_features
76 1
-37 3
+37 2

fl=(57) ./io/../sysdeps/unix/sysv/linux/read_nocancel.c
fn=(180) __read_nocancel
25 3
+1 12
+1 3

fl=(60) ./misc/../sysdeps/unix/sysv/linux/mmap64.c
fn=(188) mmap
47 16
+3 32
-3 96
+6 32
+5 96
+2 64
-7 36

fl=(50) ./elf/./elf/dl-debug_state.c
fn=(150) _dl_debug_state
28 2
+1 2

fl=(2) ./elf/./elf/rtld.c
fn=(64) dl_main
1356 2
196 1
1356 11
198 1
301 1
+1 1
196 1
+99 3
1368 1
cfi=(24) ./elf/../sysdeps/nptl/dl-tls_init_tp.c
cfn=(66) __tls_pre_init_tp
calls=1 54 
* 17
2745 1
2513 1
2745 3
2584 1
+2 1
+15 2
-13 2
cfi=(25) ./elf/./elf/dl-environ.c
cfn=(68) _dl_next_ld_env_entry
calls=1 28 
* 21
* 4
cfi=(25)
cfn=(68)
calls=2 28 
* 151
* 9
+4 6
-2 2
+2 8
+1 2
-1 6
+1 17
-1 89
+9 12
2712 2
+10 3
1378 1
+1 2
-1 2
+1 2
2673 3
-47 2
+10 2
1646 8
cfi=(26) ./elf/./elf/dl-object.c
cfn=(70) _dl_new_object
calls=1 59 
* 197
* 1
+2 2
+1 3
+6 1
-5 2
+1 3
+4 1
cfi=(26)
cfn=(82) _dl_add_to_namespace_list
calls=1 31 
* 33
+1 2
1095 1
-1 1
1361 1
1122 1
-21 2
+21 1
-19 1
+1 1
+18 1
-21 1
+21 2
+1 1
-1 1
-25 1
+22 1
+4 102
+33 8
-1 4
+1 16
-1 4
+2 8
+1 1
+2 12
+1 14
+4 8
+1 8
+1 4
+4 8
-49 22
+88 22
-1 24
+1 12
+6 12
-6 24
fi=(31) ./elf/../sysdeps/x86/dl-prop.h
149 4
fe=(2)
1177 3
+7 1
-1 2
+6 1
-6 2
-56 1
+62 3
-67 2
+68 1
+1 1
-1 1
+4 2
-72 2
+5 1
-5 1
+5 2
-5 2
+21 1
-21 1
+21 1
+2 1
-3 1
+5 1
-2 1
-23 2
+10 2
-10 1
+10 1
+1 9
-11 2
+1 10
+80 1
-81 1
+81 2
-81 2
fi=(30) ./elf/../include/stackinfo.h
62 2
fe=(2)
1122 1
fi=(30)
62 6
fe=(2)
1122 4
1222 4
+2 3
+1 3
+2 2
1679 1
cfi=(32) ./elf/./elf/dl-execstack-tunable.c
cfn=(90) _dl_handle_execstack_tunable
calls=1 24 
* 33
fi=(4)
96 3
+3 4
+1 1
fe=(2)
1685 3
+1 4
cfi=(33)
cfn=(94)
calls=1 98 
* 25
* 2
+13 2
+2 2
fi=(3) ./elf/./get-dynamic-info.h
39 4
+6 1
-2 1
+2 2
+23 27
-23 108
+4 54
+3 6
-1 12
+3 24
+1 20
+17 4
+43 2
+7 3
+1 4
+6 3
+18 4
+5 2
+2 2
+2 2
+2 2
+1 2
+3 4
+2 3
+1 2
+9 2
+6 2
+1 3
+3 3
fi=(4)
-88 4
fe=(2)
1714 2
cfi=(8) ./elf/./elf/dl-setup_hash.c
cfn=(14) _dl_setup_hash
calls=1 25 
* 27
+3 2
fi=(34) ./elf/./setup-vdso.h
24 2
fi=(37) ./elf/./dl-main.h
+85 2
fi=(36) ./elf/../sysdeps/unix/sysv/linux/dl-vdso-setup.h
-55 1
fi=(37)
+55 3
cfi=(38) ./elf/./elf/dl-load.c
cfn=(106) _dl_init_paths
calls=1 680 
* 2207
fe=(2)
1742 3
cfi=(47) ./elf/./elf/dl-debug.c
cfn=(142) _dl_debug_initialize
calls=1 120 
* 21
+7 1
-5 1
-2 1
+7 1
+4 1
+1 1
+2 1
-3 3
+1 2
+3 1
1252 1
1755 1
1252 1
+1 2
+5 1
-3 2
+2 1
+11 1
-10 1
+3 1
+7 3
+4 1
-5 1
+5 3
-3 7
-1 14
+2 22
+2 4
+1 8
-1 8
+2 8
+5 4
-10 4
+10 8
-11 10
+18 1
+1 2
-1 2
223 1
fi=(4)
79 1
fe=(2)
224 1
-1 1
+1 1
fi=(4)
79 1
fe=(2)
224 3
1771 2
+4 1
1362 1
1776 2
+24 1
cfi=(48) ./elf/../elf/dl-tls.c
cfn=(144) _dl_count_modids
calls=1 228 
* 6
* 1
fi=(49) ./elf/../sysdeps/generic/dl-debug.h
29 4
+1 1
fe=(2)
1806 3
cfi=(47)
cfn=(148) _dl_debug_change_state
calls=1 104 
* 11
+1 1
+4 3
cfi=(51)
cfn=(152)
calls=1 29 
* 5
+5 3
+2 1
+2 2
+9 2
+16 3
cfi=(66)
cfn=(216)
calls=1 25 
* 9
* 2
+76 4
+16 3
84 1
1947 1
84 2
1947 1
84 1
1947 7
cfi=(67) ./elf/./elf/dl-deps.c
cfn=(218) _dl_map_object_deps
calls=1 143 
* 13599
91 1
1957 2
-4 1
+16 1
91 2
+9 2
1953 7
+1 1
-1 1
+1 1
-1 2
+1 4
-1 4
+1 4
-1 8
+4 1
+1 2
+1 1
+2 18
+1 12
+7 2
+1 1
-1 1
+1 2
+2 1
+2 2
+16 4
+1 2
+1 3
+10 1
+2 1
-1 3
+1 3
-1 1
+1 1
cfi=(53) ./elf/./elf/dl-catch.c
cfn=(252) _dl_receive_error
calls=1 190 
* 10955
+10 1
+1 2
+3 2
820 1
fi=(333) ./elf/../sysdeps/unix/sysv/linux/dl-osinfo.h
39 2
fe=(2)
822 1
fi=(333)
52 1
fe=(2)
831 1
+2 1
+5 1
2023 3
2222 2
+4 1
-4 1
+10 1
-6 1
+6 1
+3 2
+8 2
fi=(31)
36 2
+1 4
+16 9
-13 4
+9 8
-9 1
+9 20
+4 16
-16 10
+34 2
fe=(2)
2247 1
fi=(31)
71 1
cfi=(80) ./elf/../sysdeps/x86_64/dl-cet.c
cfn=(282) _dl_cet_check
calls=1 361 
* 24
fe=(2)
2247 2
+3 1
+5 2
84 1
2260 1
-1 2
84 3
2259 5
cfi=(81) ./elf/./elf/dl-reloc.c
cfn=(284) _dl_relocate_object
calls=1 343 
* 74581
91 3
+9 2
-16 2
2268 1
84 2
2268 1
+1 15
+2 10
+5 10
+2 10
+6 5
+2 40
cfi=(81)
cfn=(284)
calls=5 343 
* 61077
+4 16
+1 6
-22 3
+22 3
cfi=(48)
cfn=(464) _dl_add_to_slotinfo
calls=3 1177 
* 81
-22 8
91 3
+1 2
2298 1
cfi=(48)
cfn=(466) _dl_tls_initial_modid_limit_setup
calls=1 1138 
* 43
+6 2
+4 4
+2 1
+7 4
cfi=(48)
cfn=(468) _dl_allocate_tls_init
calls=1 612 
* 322
+3 2
+4 3
+3 1
cfi=(145) ./elf/./elf/dl-find_object.c
cfn=(470) _dl_find_object_init
calls=1 578 
* 1079
+5 2
84 1
2336 4
84 3
2336 2
cfi=(81)
cfn=(286) _dl_relocate_object_no_relro
calls=1 207 
* 257
91 3
+9 2
2339 1
cfi=(147) ./elf/../sysdeps/nptl/dl-mutex.c
cfn=(480) __rtld_mutex_init
calls=1 30 
* 523
+1 2
cfi=(7) ./elf/./elf/dl-minimal.c
cfn=(484) __rtld_malloc_init_real
calls=1 76 
* 2638
+3 2
cfi=(47)
cfn=(490) _dl_debug_post_relocate
calls=1 46 
* 630
+4 2
cfi=(81)
cfn=(492) _dl_protect_relro
calls=1 352 
* 35
+5 3
cfi=(150) ./elf/./elf/dl-call-libc-early-init.c
cfn=(494) _dl_call_libc_early_init
calls=1 27 
* 1514
+7 1
cfi=(9) ./elf/../sysdeps/unix/sysv/linux/dl-sysdep.c
cfn=(516) _dl_sysdep_start_cleanup
calls=1 147 
* 2
+4 2
cfi=(47)
cfn=(212) _dl_debug_update
calls=1 94 
* 7
+1 2
-1 1
+1 1
cfi=(47)
cfn=(148)
calls=1 104 
* 11
+1 1
+3 3
cfi=(51)
cfn=(518)
calls=1 41 
* 10
+4 1
cfi=(70) ./elf/./elf/dl-cache.c
cfn=(520) _dl_unload_cache
calls=1 508 
* 19
+5 8
225 2
-2 2
+2 2
2280 1
+1 1
-3 2
1762 1
1289 3
1762 1
fi=(3)
56 5
+3 4
fe=(2)
1976 1
-4 1
+4 2
+14 3
fi=(35) ./elf/../sysdeps/unix/sysv/linux/dl-vdso.h
40 2
+1 5
fi=(36)
-11 1
+3 1
+3 1
+3 1
+6 1
fi=(35)
+10 2
fe=(2)
1689 1
+1 1
+1 1
+2 2
+1 3
fi=(3)
72 3
+12 3
+1 5
+1 5
+1 5
+1 4
+1 5
+1 5
+1 5
+12 2
+7 1
-7 7
+7 2
fe=(2)
1752 4
2673 2
+2 1
+1 1
-1 1
+1 1
+1 1
2016 2
cfn=(262) init_tls
calls=1 734 
* 921
* 2
fi=(3)
62 4
+2 4
fe=(2)
2636 2
+2 2
+1 1
1925 10
84 1
1824 2
84 3
1824 2
cfn=(154) handle_preload_list
calls=1 852 
* 3091
* 1
91 3
+9 3
1925 6
+1 1
-1 1
+4 3
+1 1
+1 2
+1 2
-7 2

fn=(262)
734 1
+6 1
-6 3
+2 2
+4 1
fi=(28)
44 1
fe=(2)
751 1
fi=(28)
44 1
fe=(2)
746 1
+4 1
fi=(28)
44 1
cfi=(27)
cfn=(72) __minimal_calloc
calls=1 +36 
* 29
fe=(2)
759 1
-10 1
-3 1
+10 1
+3 1
cfi=(48)
cfn=(266) _dl_tls_static_surplus_init
calls=1 133 
* 73
+3 1
cfi=(48)
cfn=(268) _dl_determine_tlsoffset
calls=1 251 
* 222
+7 1
cfi=(48)
cfn=(272) _dl_allocate_tls_storage
calls=1 517 
* 460
* 1
+1 2
+6 1
fi=(78) ./elf/../sysdeps/generic/dl-call_tls_init_tp.h
31 2
fe=(2)
776 1
fi=(78)
31 6
+2 1
cfi=(24)
cfn=(278) __tls_init_tp
calls=1 +36 
* 96
fe=(2)
783 1
-3 1
+3 4

fn=(254) version_check_doit
674 2
+2 1
-2 4
+2 3
cfi=(75) ./elf/./elf/dl-version.c
cfn=(256) _dl_check_all_versions
calls=1 399 
* 10919
* 2
+4 3

fn=(2) _dl_start
519 10
84 1
fi=(6) ./elf/../sysdeps/x86_64/dl-machine.h
-29 1
fe=(2)
549 1
-4 1
fi=(6)
55 1
fe=(2)
+29 3
548 2
fi=(3)
45 4
+23 20
-23 72
+4 36
+3 5
-1 10
+3 20
+1 16
+1 5
fi=(4)
+23 1
fi=(3)
+31 1
-38 3
+12 4
+1 3
+1 4
+1 4
+1 5
+1 3
+1 4
+1 4
+12 7
+7 2
+13 3
+6 3
+1 3
+3 2
+1 3
+5 5
+3 5
fe=(2)
565 140
fi=(3)
59 4
fe=(2)
565 12
fi=(4)
79 1
fe=(2)
565 1
fi=(4)
79 2
fe=(2)
565 27
fi=(5) ./elf/./elf/do-rel.h
49 1
+4 1
-4 1
-1 1
+1 1
+4 4
+3 2
fe=(2)
565 1
fi=(5)
49 1
+4 1
-4 1
-1 1
+1 1
+4 4
+3 2
-6 8
+11 5
+2 1
fi=(6)
273 3
fi=(5)
63 1
+2 1
-1 2
fi=(6)
282 10
+4 2
+26 4
fi=(5)
61 3
fe=(2)
565 8
fi=(5)
51 1
fi=(4)
+28 2
fe=(2)
567 1
454 1
cfi=(7)
cfn=(12) __rtld_malloc_init_stubs
calls=1 42 
* 10
+4 5
84 1
476 1
84 3
476 1
cfi=(8)
cfn=(14)
calls=1 25 
* 27
+1 1
+4 1
+9 1
-13 1
+19 1
-17 1
+2 1
+15 2
cfi=(9)
cfn=(16) _dl_sysdep_start
calls=1 102 
* 189512
* 1
+2 2
+87 9
fi=(3)
62 4
+2 4
+39 3
fe=(2)

fn=(164) map_doit
641 2
+2 1
-2 4
+2 1
+1 2
-1 2
+1 3
cfi=(38)
cfn=(166) _dl_map_object
calls=1 2213 
* 2628
* 1
+2 3

fn=(154)
852 11
+5 3
-58 2
+54 3
-54 4
-2 1
+2 3
+71 1
182 1
872 2
182 2
874 2
-14 3
cfi=(52) ./string/../string/strcspn.c
cfn=(156) strcspn
calls=1 32 
* 252
* 1
+1 3
+2 4
cfi=(29)
cfn=(80) memcpy
calls=1 210 
* 19
+1 2
-71 1
+6 4
-2 1
+2 1
-10 1
+6 1
-2 1
+6 1
cfi=(53)
cfn=(158) _dl_catch_error
calls=1 258 
* 2743
+1 3
+8 3
+67 1
-18 2
+21 9

fl=(27)
fn=(140) __minimal_free
97 1
+2 4

fn=(72)
80 10
+4 10
-4 40
+7 10
+1 30
fi=(28)
-32 10
cfi=(27)
cfn=(76)
calls=10 -20 
* 292
fe=(27)

fn=(76)
36 29
+1 87
+11 84
+3 28
-3 28
+3 56
-3 2
+3 1
-3 1
+3 110
+5 8
+1 4
-21 2
+24 6
-24 6
+24 2
-24 2
+23 2
+1 4
-24 2
+24 2
cfi=(60)
cfn=(188)
calls=2 -13 
* 52
+2 4
+2 10
cfi=(61) ./misc/../sysdeps/unix/sysv/linux/setvmaname.c
cfn=(190) __set_vma_name
calls=2 -4 
* 51
+1 8
+2 2
+4 2
-1 2
-3 2
+4 2
+2 10
-3 27
+1 27
+2 27
-30 1
-1 1
+1 1
+1 2
-2 2

fl=(29)
fn=(124)
197 19
+1 19
+1 19
+1 19
+17 19
+1 19
+2 6
+1 6
+1 6
+2 2
+1 2
+1 2
+2 2
+80 13
+1 13
+2 4
+4 4
+1 4
+1 4
+8 4
+39 9
+1 9
+1 9
+1 9
+1 9
+7 4
+1 4
+1 4
+1 4
+1 4
+1 4
+1 4
+11 4
+1 4
+2 4
+1 4
+1 4

fn=(80)
210 21
+1 21
+6 21
+1 21
+2 14
+1 14
+1 14
+2 4
+1 4
+1 4
+2 4
+80 7
+1 7
+2 1
+4 1
+1 1
+1 1
+1 1
+1 1
+4 1
+2 1
+39 6
+1 6
+1 6
+1 6
+1 6
+7 10
+1 10
+1 10
+1 10
+1 10
+1 10
+1 10
+11 10
+1 10
+2 10
+1 10
+1 10

fl=(52)
fn=(156)
32 5
+1 3
+1 2
+5 6
+1 4
+1 4
+1 4
+2 1
+3 3
+1 2
-1 6
+1 4
+3 4
+1 4
+1 4
+1 4
+2 3
+6 1
-1 1
+1 1
+2 2
-1 2
+2 1
+2 6
-5 12
-1 12
+1 12
+2 24
-1 24
+2 12
+2 72
+2 1
+1 4
+1 2

fl=(75)
fn=(258) _dl_check_map_versions
155 45
+15 15
+2 15
+2 15
+1 5
+2 10
+3 6
+4 6
-20 3
-8 3
+69 21
36 6
200 6
36 13
200 4
36 21
+1 16
-1 32
+2 63
cfi=(55) ./elf/./elf/dl-misc.c
cfn=(170) _dl_name_match_p
calls=21 +30 
* 1997
* 52
208 10
+5 5
99 20
213 10
+4 10
+1 10
-1 5
+4 10
-3 20
-1 38
+1 38
-1 19
+4 38
-3 141
56 96
+8 48
+6 72
+16 24
+1 48
+2 24
+5 216
+14 702
+12 981
+4 327
-30 654
231 96
+3 72
+5 19
-24 19
110 24
+3 96
cfi=(33)
cfn=(94)
calls=24 -15 
* 1071
* 96
224 72
+4 15
+15 15
+5 2
-50 2
+59 15
+3 6
+3 21
+3 15
+4 3
-7 12
+3 9
+4 63
-7 252
+3 192
+8 9
+6 8
fi=(28)
44 4
fe=(75)
280 8
fi=(28)
44 4
cfi=(27)
cfn=(72)
calls=4 +36 
* 116
fe=(75)
281 8
-2 4
fi=(28)
44 4
fe=(75)
281 4
+13 4
-3 4
+3 16
+2 8
+3 12
+4 15
+7 24
+1 24
-1 48
+1 24
+1 24
-2 24
+2 48
+1 72
+3 72
+5 19
-15 19
+2 19
-2 19
+2 19
-2 19
+2 38
-2 5
+2 5
-2 5
+2 5
-2 5
+2 10
+16 15
+5 2
-28 2
+71 8
+1 6
+1 6
+1 2
+19 45
164 2
-8 2
257 5
+77 6
+3 6
+4 66
+6 66
+1 66
+1 66
-1 132
+1 66
-1 66
+1 66
+1 66
+3 198
+4 66
-14 138
+10 25
+11 294
+1 196
+1 24
-32 2
-40 2
-20 3
377 4
+2 124
+1 60
+2 1
+1 2
-1 1
+1 1
cfi=(33)
cfn=(260) strncmp
calls=1 98 
* 55
* 2

fn=(256)
399 7
+4 5
-2 3
+4 30
cfn=(258)
calls=5 155 
* 10847
-2 5
+1 5
-1 10
+5 7

fl=(47)
fn=(490)
46 2
+6 3
-6 2
+6 5
-1 1
+1 1
cfi=(82)
cfn=(294)
calls=1 767 
* 598
+2 2
-2 1
+2 3
+2 7
+1 3
+13 2

fn=(142)
120 1
-44 2
+46 2
+5 3
+1 1
+26 1
-26 1
+29 2
-37 1
+49 2
-9 2
+2 3

fn=(212)
94 4
-17 4
-1 8
+20 8
+4 4

fn=(148)
104 2
+3 2
-2 2
+2 4
+4 2
cfi=(50)
cfn=(150)
calls=2 -83 
* 4
-4 6

fl=(81)
fn=(284)
343 6
+1 14
-1 20
+3 4
cfn=(286)
calls=4 207 
* 135502
+7 12
+3 20
+3 4
-3 4
+3 4
+4 8
-15 12
+16 16
cfi=(144) ./misc/../sysdeps/unix/syscall-template.S
cfn=(462) mprotect
calls=4 117 
* 24
* 8

fn=(286)
207 40
+13 5
-13 20
+16 5
-16 5
+16 5
+3 15
+20 15
+1 10
-30 6
+33 6
+7 12
fi=(6)
78 8
+6 4
+4 3
+6 1
+9 2
+23 2
fi=(4)
-47 1
fe=(81)
296 2
fi=(4)
79 2
fe=(81)
296 2
fi=(4)
79 4
fe=(81)
296 8
fi=(4)
79 8
fe=(81)
296 11136
fi=(4)
79 1
fe=(81)
296 1
fi=(4)
79 2
fe=(81)
296 190
190 8
296 1
fi=(5)
53 1
fe=(81)
296 1
fi=(5)
49 1
+31 1
-32 1
+1 1
+1 1
-1 1
+4 1
-3 2
+3 1
-3 2
+3 2
+27 2
fe=(81)
296 4
190 32
296 4
fi=(5)
53 4
fe=(81)
296 4
fi=(5)
49 4
+31 4
-32 4
+1 4
+1 4
-1 4
+4 4
-3 8
+3 4
-3 8
+3 8
+27 8
fe=(81)
296 5
fi=(5)
53 5
fe=(81)
296 5
fi=(5)
49 5
+31 5
-32 5
+1 5
+1 5
-1 5
+4 5
-3 10
+3 5
-3 10
+3 10
+27 10
+3 2
-11 7
fi=(6)
509 114
+4 114
+3 171
+1 57
fi=(5)
83 171
+2 228
-2 2
+13 2
fe=(81)
296 40
fi=(6)
725 30
+4 6
fe=(81)
298 20
+23 5
+3 10
+14 40
fi=(5)
105 27
+9 20
fi=(6)
493 912
+5 608
+1 608
fi=(5)
114 304
fi=(6)
499 608
fi=(5)
114 608
+3 36
+3 28
+2 14
-49 12
fe=(81)
190 28
fi=(5)
-66 8
+1 4
-1 4
+5 4
-5 8
+1 12
+4 8
-5 436
+1 218
-1 218
+5 218
-5 436
+1 654
+4 436
-2 175
-1 525
+1 350
-1 175
+1 175
fi=(6)
262 350
+7 350
+4 350
fe=(81)
170 700
fi=(4)
-18 480
fe=(81)
+19 320
+3 320
+8 306
-8 1371
+12 304
-3 152
+1 152
+2 610
-3 1
+1 1
+2 157
+1 153
-1 153
+2 306
-1 612
+3 918
cfi=(82)
cfn=(294)
calls=153 767 
* 93924
+4 153
-4 153
+3 153
+1 918
fi=(6)
+88 1573
+4 350
+26 1050
418 27
fi=(5)
141 27
fi=(6)
418 300
fi=(5)
141 482
-19 678
+33 8
+1 63
+1 186
+3 94
+2 47
+2 47
-4 47
+2 47
+1 47
-1 94
fe=(81)
+8 188
fi=(6)
286 94
471 94
+2 47
cfi=(15)
cfn=(478)
calls=1 76 
* 6
cob=(2) /usr/lib/x86_64-linux-gnu/libc.so.6
cfi=(143) ./string/../sysdeps/x86_64/multiarch/strncase.c
cfn=(458) strncasecmp
calls=1 31 
* 22
cob=(2)
cfi=(142) ./string/../sysdeps/x86_64/multiarch/mempcpy.c
cfn=(454) mempcpy
calls=1 33 
* 22
cob=(2)
cfi=(141) ./wcsmbs/../sysdeps/x86_64/multiarch/wcpncpy.c
cfn=(450) wcpncpy
calls=1 31 
* 18
cob=(2)
cfi=(140) ./string/../sysdeps/x86_64/multiarch/strspn.c
cfn=(448) strspn
calls=1 29 
* 7
cob=(2)
cfi=(138) ./string/../sysdeps/x86_64/multiarch/memchr.c
cfn=(444) memchr
calls=1 29 
* 21
cob=(2)
cfi=(137) ./string/../sysdeps/x86_64/multiarch/memmove.c
cfn=(440) memmove
calls=1 29 
* 22
cob=(2)
cfi=(136) ./string/../sysdeps/x86_64/multiarch/stpcpy.c
cfn=(436) stpcpy
calls=1 33 
* 19
cob=(2)
cfi=(135) ./debug/../sysdeps/x86_64/multiarch/memmove_chk.c
cfn=(432) __memmove_chk
calls=1 29 
* 22
cob=(2)
cfi=(133) ./wcsmbs/../sysdeps/x86_64/multiarch/wmemcmp.c
cfn=(428) wmemcmp
calls=1 29 
* 25
cob=(2)
cfi=(132) ./string/../sysdeps/x86_64/multiarch/strncpy.c
cfn=(424) strncpy
calls=1 29 
* 21
cob=(2)
cfi=(131) ./string/../sysdeps/x86_64/multiarch/strlen.c
cfn=(420) strlen
calls=1 29 
* 25
cob=(2)
cfi=(130) ./wcsmbs/../sysdeps/x86_64/multiarch/wcscat.c
cfn=(416) wcscat
calls=1 31 
* 18
cob=(2)
cfi=(129) ./string/../sysdeps/x86_64/multiarch/strcasecmp_l.c
cfn=(412) strcasecmp_l
calls=1 31 
* 22
cob=(2)
cfi=(128) ./string/../sysdeps/x86_64/multiarch/strcpy.c
cfn=(408) strcpy
calls=1 29 
* 19
cob=(2)
cfi=(126) ./wcsmbs/../sysdeps/x86_64/multiarch/wmemset.c
cfn=(404) wmemset
calls=2 31 
* 38
cob=(2)
cfi=(124) ./string/../sysdeps/x86_64/multiarch/memcmp.c
cfn=(400) bcmp
calls=1 29 
* 25
cob=(2)
cfi=(123) ./string/../sysdeps/x86_64/multiarch/strchrnul.c
cfn=(396) strchrnul
calls=1 31 
* 25
cob=(2)
cfi=(122) ./string/../sysdeps/x86_64/multiarch/strncase_l.c
cfn=(392) strncasecmp_l
calls=1 31 
* 22
cob=(2)
cfi=(120) ./string/../sysdeps/x86_64/multiarch/strcat.c
cfn=(388) strcat
calls=1 29 
* 19
cob=(2)
cfi=(119) ./wcsmbs/../sysdeps/x86_64/multiarch/wcscpy.c
cfn=(386) wcscpy
calls=1 60 
* 17
cob=(2)
cfi=(118) ./string/../sysdeps/x86_64/multiarch/strcspn.c
cfn=(384) strcspn
calls=1 29 
* 7
cob=(2)
cfi=(111) ./string/../sysdeps/x86_64/multiarch/stpncpy.c
cfn=(378) strcasecmp
calls=1 31 
* 22
cob=(2)
cfi=(115) ./string/../sysdeps/x86_64/multiarch/strncmp.c
cfn=(376) strncmp
calls=1 67 
* 22
cob=(2)
cfi=(113) ./wcsmbs/../sysdeps/x86_64/multiarch/wmemchr.c
cfn=(372) wmemchr
calls=2 31 
* 42
cob=(2)
cfi=(111)
cfn=(368) stpncpy
calls=1 31 
* 21
cob=(2)
cfi=(110) ./wcsmbs/../sysdeps/x86_64/multiarch/wcscmp.c
cfn=(364) wcscmp
calls=1 30 
* 25
cob=(2)
cfi=(109) ./string/../sysdeps/x86_64/multiarch/strrchr.c
cfn=(360) rindex
calls=1 28 
* 25
cob=(2)
cfi=(107) ./debug/../sysdeps/x86_64/multiarch/memset_chk.c
cfn=(356) __memset_chk
calls=1 29 
* 23
cob=(2)
cfi=(106) ./string/../sysdeps/x86_64/multiarch/strchr.c
cfn=(354) index
calls=1 65 
* 21
cob=(2)
cfi=(104) ./wcsmbs/../sysdeps/x86_64/multiarch/wcschr.c
cfn=(350) wcschr
calls=2 31 
* 50
cob=(2)
cfi=(102) ./string/../sysdeps/x86_64/multiarch/memcpy.c
cfn=(346) memcpy@@GLIBC_2.14
calls=1 29 
* 22
cob=(2)
cfi=(100) ./wcsmbs/../sysdeps/x86_64/multiarch/wcsncpy.c
cfn=(342) wcsncpy
calls=1 31 
* 18
cob=(2)
cfi=(99) ./string/../sysdeps/x86_64/multiarch/memrchr.c
cfn=(338) memrchr
calls=1 29 
* 25
cob=(2)
cfi=(98) ./debug/../sysdeps/x86_64/multiarch/memcpy_chk.c
cfn=(334) __memcpy_chk
calls=1 29 
* 22
cob=(2)
cfi=(96) ./debug/../sysdeps/x86_64/multiarch/mempcpy_chk.c
cfn=(330) __mempcpy_chk
calls=1 29 
* 22
cob=(2)
cfi=(95) ./wcsmbs/../sysdeps/x86_64/multiarch/wcslen.c
cfn=(326) wcslen
calls=1 29 
* 20
cob=(2)
cfi=(93) ./string/../sysdeps/x86_64/multiarch/memset.c
cfn=(322) memset
calls=1 29 
* 23
cob=(2)
cfi=(91) ./wcsmbs/../sysdeps/x86_64/multiarch/wcsnlen.c
cfn=(318) wcsnlen
calls=1 30 
* 20
cob=(2)
cfi=(90) ./string/../sysdeps/x86_64/multiarch/strcmp.c
cfn=(316) strcmp
calls=1 79 
* 20
cob=(2)
cfi=(89) ./string/../sysdeps/x86_64/multiarch/strpbrk.c
cfn=(314) strpbrk
calls=1 29 
* 7
cob=(2)
cfi=(87) ./string/../sysdeps/x86_64/multiarch/strnlen.c
cfn=(310) strnlen
calls=2 31 
* 50
cob=(2)
cfi=(85) ./string/../sysdeps/x86/cacheinfo.c
cfn=(306) __x86_cacheinfo
calls=1 86 
* 30
fi=(5)
156 47
fi=(6)
474 47
fi=(5)
156 98
-14 51
fi=(6)
395 45
+2 60
+4 15
+9 15
-9 30
+9 15
fi=(5)
141 30
fi=(6)
315 17
+3 17
+23 2
+1 3
fi=(5)
141 2
-9 47
+1 47
-1 141
+2 47
fi=(6)
282 75
+3 12
+24 6
cob=(2)
cfi=(93)
cfn=(322)
calls=1 29 
* 23
cob=(2)
cfi=(137)
cfn=(440)
calls=1 29 
* 22
cob=(2)
cfi=(124)
cfn=(400)
calls=2 29 
* 50
cob=(2)
cfi=(131)
cfn=(420)
calls=1 29 
* 25
cob=(2)
cfi=(102)
cfn=(346)
calls=1 29 
* 22
* 24
fi=(5)
51 5
fi=(4)
+28 10
fe=(81)
296 72
fi=(6)
-14 235
fe=(81)
175 63
+3 7
-1 7
+19 7
-18 14
fi=(6)
290 12
+1 18
fi=(5)
171 4
-98 3
fe=(81)
190 5
fi=(5)
-17 3
+3 1
-3 4
+3 2
-3 15
+3 5
-3 20
+3 10
-2 12
+10 6
fi=(6)
+78 12
+7 12
+4 12
fe=(81)
170 24
fi=(4)
-18 18
fe=(81)
+19 12
+3 12
+8 12
-8 54
+12 12
-3 6
+1 6
+2 36
+4 24
-4 6
+4 18
cfi=(82)
cfn=(294)
calls=6 767 
* 3111
+4 6
-4 6
+3 6
+1 36
fi=(6)
+88 32
+4 4
+26 36
418 6
fi=(5)
187 18
-16 18
+31 5
fe=(81)
+48 4
+7 8
-9 4
fi=(6)
+54 7
fe=(81)
175 21

fn=(492)
352 1
+1 3
+3 5
+3 1
-3 1
+3 1
+4 2
-11 1
+12 3
-12 3
+12 1
-12 1
+12 1
cfi=(144)
cfn=(462)
calls=1 117 
* 6
* 2
+6 3

fl=(53)
fn=(252)
190 2
58 1
190 3
+2 1
58 1
+1 1
+11 1
196 1
+2 2
cfi=(2)
cfn=(254)
calls=1 674 
* 10934
69 2
+1 1
201 1
+1 4

fn=(158)
258 6
+2 1
-2 1
+2 1
-2 2
+2 1
-2 1
+2 1
cfn=(160) _dl_catch_exception
calls=1 -52 
* 2715
* 1
+1 2
+1 1
+1 1
-1 1
+3 1
-2 1
+2 6

fn=(160)
208 36
58 6
208 12
+3 12
+21 30
58 12
239 18
cfi=(54) ./setjmp/../sysdeps/x86_64/setjmp.S
cfn=(162) __sigsetjmp
calls=6 31 
* 144
* 18
+2 18
cfi=(67)
cfn=(222) openaux
calls=5 61 
* 11004
cfi=(2)
cfn=(164)
calls=1 641 
* 2647
69 6
+1 6
-1 6
+1 6
243 24
-25 6
+34 18
59 12
+11 18

fl=(146) ./elf/./dl-find_object.h
fn=(472) _dl_find_object_from_map
105 5
+10 5
+1 5
-11 5
+1 10
+1 5
+8 5
+1 5
+5 20
+1 10
-19 10
+21 116
-2 189
+2 189
+3 5
+5 5
-5 10
+16 10
+5 5
+1 5

fl=(8)
fn=(14)
25 5
+3 15
+3 15
+1 10
+2 5
-1 5
+3 15
+1 5
+1 10
+2 5
-2 5
+3 10
+4 10
-2 5
+2 10
+5 5

fl=(45) ./string/../sysdeps/x86_64/multiarch/../multiarch/memset-vec-unaligned-erms.S
fn=(128) memset
137 11
+1 55
+5 11
+1 11
+3 5
+1 5
+2 2
+1 2
+1 2
+84 3
+1 3
+12 3
+3 3
+1 3
+12 3
+1 3
+13 3
+1 3
+2 3
+3 2
+3 4
+3 2
+1 2
+1 2
+1 2
+1 2
+1 2
+1 2
-6 40
+1 40
+1 40
+1 40
+1 40
+1 40
+1 40
+3 3
+1 3
+1 3
+1 3
+5 3
+46 6
+2 6
+1 6
+39 6
+1 6
+2 6

fl=(13) ./elf/./elf/dl-sort-maps.c
fn=(248) _dl_sort_maps
298 24
+8 2
-8 2
+8 4
-95 2
-28 2
-2 2
+1 2
+29 2
-28 8
+1 2
-1 2
+1 2
-1 4
+1 8
-1 8
+1 8
-1 16
+28 28
+8 10
-3 8
+2 8
+3 32
+2 10
-83 50
cfn=(250) dfs_traversal.part.0
calls=10 -5 
* 308
+86 40
+18 14
+19 6
cfi=(29)
cfn=(80)
calls=2 -53 
* 38
+13 8
+7 2
+27 16

fn=(26) _dl_sort_maps_init
289 2
+1 2
-1 2
+1 2
cfi=(11)
cfn=(28)
calls=1 435 
* 18
+2 3
-1 1
+2 2

fn=(250)
135 50
+10 10
-2 10
+2 20
+2 28
-7 14
+7 61
-7 20
+16 20
+15 30
+1 10
+1 20
-17 15

fl=(65) ./io/../sysdeps/unix/sysv/linux/close_nocancel.c
fn=(206) __GI___close_nocancel
25 4
+1 16
+1 4

fl=(25)
fn=(68)
28 3
+1 3
+3 32
+13 22
-13 44
+2 48
+1 12
+5 2
-3 2
+3 2
+2 2

fl=(72) ./io/../sysdeps/unix/sysv/linux/pread64_nocancel.c
fn=(240) __pread64_nocancel
25 4
+1 8
+1 2

fl=(24)
fn=(66)
54 4
+3 9
+5 2
+1 1
+2 1

fn=(278)
69 2
fi=(334) ./elf/../include/list.h
-25 1
fe=(24)
+25 2
fi=(334)
-26 1
fe=(24)
+27 1
+3 1
fi=(334)
-30 1
fe=(24)
+33 1
fi=(334)
-32 1
+1 1
+2 1
fe=(24)
+29 3
+13 1
+6 1
-18 2
+12 1
-11 1
+11 1
-10 1
+5 2
+11 1
-3 1
-3 1
+6 1
+16 4
cfi=(11)
cfn=(28)
calls=1 435 
* 18
fi=(79) ./elf/../sysdeps/unix/sysv/linux/rseq-internal.h
-11 1
-7 1
+7 2
+24 1
fe=(24)
-11 1
+6 2
+1 2
fi=(79)
-12 2
-15 2
+15 2
+4 1
-19 1
+19 3
cfi=(45)
cfn=(128)
calls=1 +25 
* 13
+4 1
+2 2
-6 1
+6 1
-2 1
+2 2
+1 2
fe=(24)

fn=(84) rtld_mutex_dummy
43 10
+2 20

fl=(58) ./io/../sysdeps/unix/sysv/linux/fstat64.c
fn=(184) fstat
30 4
+9 16
+33 4

fl=(147)
fn=(480)
30 2
+10 4
-10 3
+7 1
+3 2
cfi=(148) ./elf/./elf/dl-lookup-direct.c
cfn=(482) _dl_lookup_direct
calls=1 +34 
* 262
+4 2
+1 9
+2 5
-2 1
+2 1
cfi=(148)
cfn=(482)
calls=1 +27 
* 217
* 1
+4 2
+1 6
+1 2
-1 1
+1 2

fl=(22) ./string/../sysdeps/x86_64/multiarch/../multiarch/strlen-sse2.S
fn=(60) strlen
57 20
+44 20
+1 20
+1 20
+1 20
+1 20
+1 20
+1 20
+2 20
+2 20
+31 20
+1 20
+1 20
+1 20
+1 20
+1 11
+2 11
+4 9
+1 9
+1 9
+1 9
+1 9
+1 9
+1 9
+1 9
+1 9
+1 9
+1 9
+1 9
+5 72

fl=(42)
fn=(116)
51 110
-25 33
+36 5
-7 5
+7 35
-26 24
+5 27
cfi=(43) ./string/../sysdeps/x86_64/multiarch/../multiarch/strchr-sse2.S
cfn=(118) index
calls=9 -9 
* 216
+1 18
+3 18
+11 6
+1 18
+1 12
-13 6
+11 3
+1 9
+1 6
-28 24
+4 54
+1 12
-1 30
+24 6
+9 12
-5 6
-2 6
+2 42
-19 6
cfi=(22)
cfn=(60)
calls=3 +14 
* 51
* 3

fn=(120)
25 2
+1 3
+1 1
+20 1

fl=(23) ./elf/../misc/sbrk.c
fn=(62) sbrk
37 5
+3 1
+18 2
+4 2
+16 3

fl=(1) ???
fn=(0) 0x0000000000023340
0 2
cfi=(2)
cfn=(2)
calls=1 519 
0 190132
0 8
cfi=(80)
cfn=(528) _dl_cet_setup_features
calls=1 331 
0 4
0 10
cfi=(161) ./elf/./elf/dl-init.c
cfn=(532) _dl_init
calls=1 81 
0 889
0 3
cob=(6) /mnt/f/coding/rusty_RTOS/rusty_rtos_json/bench/json-ir/target/release/json-ir
cfi=(169) ???
cfn=(572) (below main)
calls=1 0 
0 21234003

fl=(69) ./io/../sysdeps/unix/sysv/linux/fstatat64.c
fn=(228) fstatat
146 6
-55 6
+70 7
+1 1
-2 4
+1 4

fl=(38)
fn=(168) _dl_lookup_map
1917 36
+1 12
+1 12
+3 81
+5 126
+2 54
cfi=(55)
cfn=(170)
calls=18 68 
* 1937
* 36
+2 30
fi=(4)
96 45
+4 6
-1 30
+1 6
fe=(38)
1931 12
+1 18
cfi=(33)
cfn=(94)
calls=6 98 
* 150
* 12
+13 21
-1 3
+1 15

fn=(106)
680 11
+14 1
-14 2
+14 2
cfi=(39)
cfn=(108)
calls=1 171 
* 1202
fi=(28)
56 1
fe=(38)
694 1
fi=(28)
56 1
cfi=(27)
cfn=(76)
calls=1 -20 
* 18
fe=(38)
699 1
+2 2
+7 2
+1 1
-1 3
+5 3
fi=(28)
56 1
cfi=(27)
cfn=(76)
calls=1 -20 
* 18
fe=(38)
713 1
+2 5
+7 1
+8 2
+5 1
-14 1
+16 1
-7 1
+11 1
-6 1
+9 3
-2 1
+2 1
-8 1
+6 1
+2 2
-12 1
+9 2
+1 16
cfi=(45)
cfn=(128)
calls=4 137 
* 56
+2 18
-14 3
+10 3
-8 3
+12 3
-8 3
-6 3
+5 3
+1 3
-4 3
+8 9
+1 6
+15 1
+3 1
-15 1
+7 1
-1 1
+9 2
+2 4
+2 3
+36 5
+2 2
cfi=(22)
cfn=(60)
calls=1 57 
* 17
* 8
-19 1
-2 1
+2 2
+19 9
cfi=(29)
cfn=(80)
calls=1 210 
* 11
* 1
+5 4
-1 4
+2 1
+1 2
-2 4
+1 13
+1 26
-2 52
+5 1
fi=(28)
56 1
cfi=(27)
cfn=(76)
calls=1 -20 
* 18
fe=(38)
810 1
+2 2
+6 7
cfn=(130) fillin_rpath.isra.0
calls=1 442 
* 555
+3 3
+6 1
+4 8
-35 2
+5 2

fn=(200) _dl_process_pt_gnu_property
842 3
+8 6
-6 3
+12 6
-13 3
+13 3
-13 6
+13 6
+3 9
+1 6
+1 6
+3 9
+1 9
+4 3
+1 6
+22 9
+2 12
-20 8
+4 8
-3 4
+6 4
+1 12
fi=(31)
95 16
+7 8
+16 4
-3 8
252 2
+5 1
-4 1
+4 3
+3 1
-6 6
+1 3
+2 12
+3 5
fe=(38)

fn=(166)
2213 42
+1 6
-1 42
+1 12
cfn=(168)
calls=6 1917 
* 2642
+1 18
+3 27
-1 15
+1 18
-1 3
cfn=(174) _dl_map_new_object
calls=3 1952 
* 10697

fn=(224) open_path
1760 16
+1 4
+6 4
+5 26
+57 4
-57 12
-7 2
-1 2
+65 2
-20 4
-34 2
+8 2
-8 2
+8 4
+7 10
cfi=(29)
cfn=(124)
calls=2 197 
* 26
* 6
+1 22
+3 12
+5 28
cfi=(29)
cfn=(124)
calls=4 197 
* 52
* 16
cfi=(29)
cfn=(124)
calls=4 197 
* 52
+3 8
+6 8
+3 28
cfn=(176) open_verify.constprop.0
calls=4 1511 
* 236
* 4
+2 12
+2 6
+98 18
-74 4
-48 17
+99 16
+6 4
-2 2
+2 4
+3 6
1770 4
+71 2
-20 18
+6 6
+2 3
-2 3
+2 6
cfi=(68) ./io/../sysdeps/unix/sysv/linux/stat64.c
cfn=(226) stat
calls=3 28 
* 46
* 3
+3 3
-3 3
+1 1
+4 1
-4 2
+4 5
-43 2
+43 2
-43 4
-19 4

fn=(220) _dl_dst_count
228 10
+3 5
-3 10
+7 5
-7 15
+3 5
cfi=(43)
cfn=(118)
calls=5 32 
* 168
+3 10
+20 35

fn=(174)
1952 45
+10 6
+12 3
-5 3
-15 3
+20 6
+14 9
cfi=(43)
cfn=(118)
calls=3 32 
* 72
* 6
2140 2
-1 3
cfn=(134) expand_dynamic_string_token
calls=1 375 
* 159
+6 1
-6 1
+2 2
+4 7
cfn=(176)
calls=1 1511 
* 105
+3 2
-3 1
+3 1
+12 9
+46 33
cfn=(182) _dl_map_object_from_fd
calls=3 948 
* 6326
* 3
+2 24
1992 4
cfi=(22)
cfn=(60)
calls=2 57 
* 34
* 4
+2 4
+7 8
+51 26
cfn=(224)
calls=2 1760 
* 801
+6 2
-6 2
+6 4
-53 2
+1 2
670 10
2010 6
656 6
2010 6
+15 4
+1 14
656 6
2051 4
+1 4
656 6
2073 4
cfi=(70)
cfn=(230) _dl_load_cache_lookup
calls=2 386 
* 2604
* 2
+2 4
+4 4
+31 2
-23 4
+23 14
cfn=(176)
calls=2 1511 
* 240
+4 4
-4 2
+4 2
+1 2
+17 4
-65 4
+2 6
-33 4

fn=(210) _dl_notify_new_object
908 12
+2 3
-2 15
+2 3
cfi=(47)
cfn=(212)
calls=3 94 
* 21
* 3
+1 9
+21 15
-4 6
+7 3
-2 6
+2 12
-2 3
cfi=(51)
cfn=(214)
calls=3 77 
* 15

fn=(134)
375 14
231 2
375 2
231 4
cfi=(43)
cfn=(118)
calls=2 32 
* 72
+3 4
400 2
-11 2
+11 8
-11 2
cfi=(46) ./string/./string/strdup.c
cfn=(136) strdup
calls=2 40 
* 156

fn=(130)
442 9
+4 1
-4 9
+6 3
cfi=(7)
cfn=(132) strsep
calls=1 239 
* 242
* 3
cfi=(7)
cfn=(132)
calls=1 239 
* 9
* 6
+7 2
+2 3
cfn=(134)
calls=1 -82 
* 109
* 1
+4 2
+5 2
cfi=(22)
cfn=(60)
calls=1 57 
* 17
* 1
+1 2
+7 4
+9 15
+1 8
fi=(28)
50 2
cfi=(27)
cfn=(140)
calls=1 +47 
* 5
+1 1
fe=(38)
502 4
+4 3
fi=(28)
56 1
cfi=(27)
cfn=(76)
calls=1 -20 
* 18
* 1
fe=(38)
508 2
+5 1
+1 2
-1 1
-1 1
+2 1
cfi=(29)
cfn=(124)
calls=1 197 
* 13
+3 1
-3 1
+1 1
+2 1
+7 3
-1 7
+2 1
-1 1
+1 1
-1 3
+1 1
-1 2
+1 1
+2 2
+1 3
+1 1
+6 2
+1 1
+3 3
-60 2
-22 2
+88 1
+3 8
-24 2

fn=(182)
948 33
+15 3
-15 6
+15 3
-15 3
+15 6
+85 12
+10 6
+7 21
cfi=(26)
cfn=(70)
calls=3 59 
* 1149
* 3
+1 6
+11 3
+1 3
-1 3
+2 3
+3 3
-1 3
-2 3
+3 9
+1 4
+19 4
-2 2
+2 16
-2 1
+2 34
+10 3
-10 6
+10 9
+27 3
-33 3
-3 3
+2 3
-1 3
+44 3
fi=(30)
62 3
fe=(38)
1139 3
-41 3
+50 3
fi=(30)
62 9
fe=(38)
1113 142
+26 72
+10 24
-1 12
-1 12
+1 24
+1 12
+2 12
-3 12
+1 12
+2 12
+2 12
-4 12
+1 12
+3 12
-4 12
+4 60
+2 24
+13 51
fi=(30)
62 18
fe=(38)
1173 9
fi=(30)
62 63
fe=(38)
1147 18
-35 27
fi=(30)
62 6
fe=(38)
1173 3
fi=(30)
62 21
fe=(38)
1147 6
-35 84
+1 200
1214 3
1112 3
1214 6
1112 9
1219 12
1078 3
1229 3
1078 18
1230 3
-1 3
+1 3
-1 9
+1 9
-1 9
+1 9
-1 27
+7 6
+10 12
+7 12
fi=(62) ./elf/./dl-map-segments.h
29 3
fe=(38)
1253 9
fi=(62)
29 6
+1 21
cfi=(60)
cfn=(188)
calls=3 +17 
* 84
+72 3
-72 3
+73 6
+3 6
+1 3
-1 3
+1 3
+2 6
+17 3
-44 3
fi=(63) ./elf/./dl-load.h
+9 24
fi=(62)
+59 48
+6 3
+2 3
-2 3
+3 3
-2 3
+2 3
-1 6
+3 9
+5 6
+3 9
+8 21
cfi=(45)
cfn=(128)
calls=3 -40 
* 364
* 6
+6 6
+41 12
-88 48
+2 36
+2 18
+1 9
-1 45
cfi=(60)
cfn=(188)
calls=9 -93 
* 189
* 18
fe=(38)
1054 3
fi=(59) ./elf/../sysdeps/posix/dl-fileid.h
37 6
cfi=(58)
cfn=(184)
calls=3 -7 
* 18
* 6
+3 3
fe=(38)
999 3
fi=(59)
40 3
+1 6
fe=(38)
999 45
+1 18
fi=(59)
49 24
fe=(38)
1458 27
1133 2
+1 1
-15 6
+7 3
+2 3
-2 3
+1 3
+1 3
-1 6
+1 24
fi=(30)
62 24
fe=(38)
1211 3
-34 6
+5 2
-1 4
+5 2
-5 4
-55 2
+60 8
+1 2
+3 2
-3 2
+8 8
1086 12
+1 2
-1 1
+1 1
-1 1
+1 1
cfi=(72)
cfn=(240)
calls=1 25 
* 7
* 2
-69 6
1269 12
+1 9
fi=(64) ./elf/./elf/get-dynamic-info.h
39 6
+6 3
-2 3
+2 6
+8 3
+15 3
-23 12
+23 71
-23 284
+4 148
+3 20
-1 40
+3 68
+1 56
fi=(63)
+37 8
+2 2
-1 2
+1 2
-1 4
+1 2
-1 4
+3 8
fi=(64)
-40 15
+3 12
+13 12
+12 10
+1 12
+1 12
+1 12
+1 10
+1 11
+1 11
+1 12
+12 3
+7 3
-7 21
+7 6
+5 4
+7 4
+1 9
+6 9
+1 3
+17 9
+5 2
+2 2
+2 2
+2 2
+1 1
+3 9
+2 6
+1 4
+9 4
+6 4
+1 2
+3 6
fe=(38)
1276 6
+1 6
+2 6
+10 9
+19 9
+2 15
+20 9
+1 4
+6 18
+1 62
+6 12
cfn=(200)
calls=3 842 
* 211
-7 83
+1 40
+6 40
-6 80
fi=(31)
149 18
fe=(38)
984 6
1086 2
1276 2
+73 6
cfi=(65)
cfn=(206)
calls=3 25 
* 18
* 6
+13 6
+2 12
+2 6
+16 6
cfi=(8)
cfn=(14)
calls=3 25 
* 81
+4 6
+1 6
+17 6
+1 1
+3 4
+5 2
-5 8
+5 4
+5 6
+10 12
+8 6
+1 8
+5 4
cfi=(48)
cfn=(238) _dl_assign_tls_modid
calls=2 161 
* 24
+7 9
cfi=(26)
cfn=(82)
calls=3 31 
* 141
+3 6
+3 12
cfn=(210)
calls=3 908 
* 126
+2 3
fi=(62)
189 4
-3 1
+3 4
-3 6
+3 1
cfi=(60)
cfn=(188)
calls=1 47 
* 21
+3 2
+2 1
cfi=(61)
cfn=(242) __is_decorate_maps_enabled
calls=1 33 
* 6
* 2
fi=(4)
-98 13
+3 4
+1 2
-1 4
+1 2
fe=(38)
1429 10
cfi=(33)
cfn=(94)
calls=2 98 
* 93
* 4
+1 3
fi=(64)
62 12
+2 12
fe=(38)

fn=(176)
1511 70
+32 7
-32 14
+32 14
+19 28
cfi=(56) ./io/../sysdeps/unix/sysv/linux/open64_nocancel.c
cfn=(178) __open_nocancel
calls=7 28 
* 159
* 7
+2 14
+8 3
+1 6
+6 3
-1 6
+1 3
-1 3
cfi=(57)
cfn=(180)
calls=3 25 
* 18
* 3
+4 3
-2 6
+2 6
+2 6
+6 6
+15 39
+83 6
+5 6
+8 12
+6 6
+6 3
+1 3
-1 3
+1 9
+33 63
-29 12
+1 2
-1 1
+1 1
cfi=(72)
cfn=(240)
calls=1 25 
* 7
* 2
1548 8
+57 3
1718 2
+24 8

fl=(56)
fn=(178)
28 16
+3 8
-3 24
+3 48
+8 56
+2 8
-2 12
+2 8

fl=(67)
fn=(218)
143 5
+1 2
-1 1
+1 1
-1 2
+1 1
-1 1
+1 1
-1 4
+1 3
-1 1
+1 7
-8 1
+8 2
-8 1
-6 1
-2 1
+16 1
-8 1
-7 1
+1 1
+6 1
+24 4
-28 3
-2 1
+31 1
-33 1
+32 1
-30 2
+30 1
-30 1
-1 4
+7 4
+24 3
+28 3
-6 1
-18 1
+22 1
fi=(74) ./elf/../include/scratch_buffer.h
77 3
+1 1
fe=(67)
184 1
+48 3
-35 1
-4 1
+4 6
-4 4
+4 8
+11 14
-18 2
+18 4
417 10
+2 3
+3 3
-3 9
+3 6
fi=(28)
56 3
cfi=(27)
cfn=(76)
calls=3 -20 
* 54
fe=(67)
423 6
fi=(28)
56 3
fe=(67)
423 3
+6 3
+1 9
cfi=(29)
cfn=(80)
calls=3 210 
* 33
+1 18
cfi=(29)
cfn=(80)
calls=3 210 
* 33
+3 3
+1 3
+4 15
188 8
442 12
-1 5
+1 10
183 5
+27 12
+7 3
+4 3
-6 3
+1 3
+1 3
+4 3
-3 6
+3 6
+7 3
-38 6
+38 3
-9 3
-29 3
+38 3
-38 6
+32 168
+6 20
cfi=(38)
cfn=(220)
calls=5 * 
* 263
* 15
+4 10
-2 5
+2 10
cfi=(53)
cfn=(160)
calls=5 -24 
* 11344
+1 10
+9 5
+2 10
+5 15
+6 3
+2 3
-8 6
+3 3
+1 3
+1 3
+1 3
+4 3
-3 3
+3 9
+4 15
+1 9
-43 348
+7 10
+38 237
fi=(74)
85 3
fe=(67)
448 5
+1 1
+3 4
+11 5
fi=(28)
56 1
cfi=(27)
cfn=(76)
calls=1 -20 
* 18
fe=(67)
465 3
fi=(28)
56 1
fe=(67)
465 1
+5 3
+1 1
-1 2
+4 3
-2 2
+13 4
-7 4
+7 4
-1 4
+1 4
-1 4
+6 4
-16 12
+4 1
+7 1
-1 1
+1 1
-1 1
+6 1
-16 3
+21 3
+37 2
+15 1
+1 1
-15 2
+20 1
-1 4
+1 2
-1 5
cfi=(13)
cfn=(248)
calls=1 298 
* 315
+5 1
+2 1
+1 1
+1 2
-2 1
+2 1
+7 3
+3 2
+3 8
198 32
+3 3
fi=(74)
-70 9
cfi=(73) ./malloc/./malloc/scratch_buffer_set_array_size.c
cfn=(244) __libc_scratch_buffer_set_array_size
calls=3 30 
* 75
fe=(67)
+70 6
+4 6
547 5
cfi=(29)
cfn=(80)
calls=1 210 
* 19
* 3
-53 2
144 2

fn=(222)
61 30
+7 5
-4 15
+1 5
-1 35
cfi=(38)
cfn=(166)
calls=5 2213 
* 10894
* 5
+5 15

fl=(70)
fn=(236) _dl_cache_libcmp
340 17
+1 17
-1 17
+1 34
+22 202
+2 202
-12 88
+16 88
+1 88
-29 176
+4 105
-2 210
+2 105
-2 210
+2 8
+6 4
+2 4
-2 4
+1 4
-1 4
+1 4
+1 12
+2 16
+2 8
-16 12
+32 12
-7 39

fn=(520)
508 1
+1 4
-1 1
+3 1
-3 1
+3 1
cfi=(144)
cfn=(522) munmap
calls=1 117 
* 6
+7 1
-6 1
+4 1
+2 1

fn=(230)
386 20
+2 4
+3 6
+69 3
+5 6
206 6
468 4
199 4
332 4
206 8
+2 65
+1 13
-23 13
+23 13
+4 26
+4 39
cfn=(236)
calls=13 340 
* 1136
+1 26
329 11
+1 7
206 14
499 14
228 4
+3 8
+2 16
cfn=(236)
calls=4 340 
* 554
* 8
+2 2
-9 10
+9 12
fi=(335) ./elf/../sysdeps/x86/dl-isa-level.h
28 12
fe=(70)
245 4
+10 6
+1 8
+16 2
fi=(71) ./elf/../sysdeps/generic/dl-cache.h
125 2
fe=(70)
272 8
+9 4
+5 4
+27 4
483 4
+12 4
cfi=(22)
cfn=(60)
calls=2 57 
* 70
+1 2
-1 2
+1 20
+1 2
-1 2
+1 2
-1 2
+1 2
cfi=(29)
cfn=(80)
calls=2 210 
* 38
* 2
+1 2
cfi=(46)
cfn=(136)
calls=2 40 
* 182
+1 16
-3 4
394 4
cfi=(55)
cfn=(232) _dl_sysdep_read_whole_file
calls=1 36 
* 103
* 1
+8 5
+1 8
+3 3
+1 1
-1 4
fi=(71)
194 1
+1 5
fe=(70)
414 1
+1 2

fl=(148)
fn=(482)
74 39
+2 6
+2 9
+37 3
-37 9
+1 6
+2 15
+3 25
-52 3
+54 6
-54 3
+54 3
-54 9
+1 9
+2 6
+1 6
+12 9
+3 3
+2 6
-2 3
+2 9
cfi=(33)
cfn=(94)
calls=3 +45 
* 214
* 6
+4 6
+1 3
-1 3
+1 15
+1 9
cfi=(33)
cfn=(94)
calls=3 +39 
* 217
* 6
+57 27
-23 6

fl=(46)
fn=(136)
40 24
+1 4
cfi=(22)
cfn=(60)
calls=4 +16 
* 122
* 4
fi=(336) ./string/../include/rtld-malloc.h
+15 8
cfi=(27)
cfn=(76)
calls=4 -20 
* 72
fe=(46)
-12 8
+3 8
+1 4
-1 4
+1 8
-1 4
cfi=(29)
cfn=(80)
calls=4 210 
* 68

fl=(26)
fn=(82)
31 20
+2 4
-2 8
+2 4
cfi=(24)
cfn=(84)
calls=4 +10 
* 12
+2 26
+3 36
+2 3
+2 3
+4 3
+1 3
+3 3
-4 3
+1 3
+1 3
+3 3
-3 3
+3 6
-1 3
cfi=(24)
cfn=(84)
calls=3 -7 
* 9
-4 1
+1 1
+3 1
-4 1
+1 1
+1 1
+3 1
-3 1
+3 2
-1 1
cfi=(24)
cfn=(84)
calls=1 -7 
* 3
-5 2

fn=(70)
59 60
+3 8
+18 3
+3 6
cfi=(22)
cfn=(60)
calls=3 -26 
* 69
+4 3
-4 3
+4 3
+5 3
-9 9
fi=(28)
-39 6
cfi=(27)
cfn=(72)
calls=3 +36 
* 193
fe=(26)
+39 1
fi=(28)
-39 2
cfi=(27)
cfn=(72)
calls=1 +36 
* 35
* 4
fe=(26)
+51 8
+4 4
-1 4
+6 4
-5 4
+5 4
-5 4
+4 4
+1 4
-1 4
+1 8
cfi=(29)
cfn=(80)
calls=4 210 
* 55
* 4
+15 4
-15 4
+2 4
+13 8
+6 1
+2 7
+3 2
-3 21
+3 6
+6 4
-4 4
+4 4
+3 12
+2 12
-2 8
+2 8
-2 16
+16 8
-5 4
-1 8
+6 12
+2 6
+3 6
-3 6
+7 12
+4 9
+8 1
+13 1
-10 2
+10 6
-10 6
+10 9
+2 3
cfi=(22)
cfn=(60)
calls=3 57 
* 105
+21 3
-21 9
+17 3
-13 9
+50 9
cfi=(29)
cfn=(124)
calls=3 -48 
* 63
* 3
+5 6
+1 6
-1 108
+1 108
+4 6
+1 3
+3 3
+4 36
131 8
-8 3
-4 6
+34 1
+7 4
+8 12
fi=(28)
56 6
cfi=(27)
cfn=(76)
calls=3 -20 
* 54
* 3
fe=(26)
200 6
-1 6
64 2
+2 3
+1 6
+10 1
-6 2

fl=(54)
fn=(162)
31 6
+2 6
+9 6
+1 12
+1 6
+4 6
+1 6
+1 6
+1 6
+1 6
+2 12
+2 6
+1 6
+1 6
+2 12
+2 6
+8 6
+3 6
+1 6
+7 6
+1 6

fl=(40)
fn=(110)
29 1
fi=(18) ./elf/../sysdeps/x86/get-isa-level.h
+2 1
fe=(40)
+7 1
fi=(18)
-7 3
fe=(40)
+21 2
fi=(18)
-20 3
+7 1
fe=(40)
-1 1
fi=(18)
+1 4
+1 4
+8 1
fe=(40)
-5 1
fi=(18)
+5 2
+3 4
+3 2
fe=(40)
-3 5

fl=(150)
fn=(494)
27 1
+2 2
-2 1
+6 3
-6 3
+6 1
-6 1
+6 2
cfi=(148)
cfn=(482)
calls=1 +41 
* 220
* 1
+4 3
+2 3
+1 1
-1 1
+2 2
-1 1
cob=(2)
cfi=(151) ./elf/./elf/libc_early_init.c
cfn=(496) __libc_early_init
calls=1 -6 
* 1268

fl=(55)
fn=(170)
68 273
+1 78
cfi=(33)
cfn=(94)
calls=39 +29 
* 1203
* 39
+1 39
-1 39
+3 39
+2 78
+4 39
-4 78
+1 141
cfi=(33)
cfn=(94)
calls=47 +23 
* 1599
* 94
-5 8
+11 63
-1 31
+1 93

fn=(232)
36 2
+3 1
-3 5
+3 1
-3 1
+3 1
cfi=(56)
cfn=(178)
calls=1 -11 
* 21
+1 3
+2 4
cfi=(58)
cfn=(184)
calls=1 -12 
* 6
* 3
+2 2
+3 2
+13 3
cfi=(65)
cfn=(206)
calls=1 -35 
* 6
* 1
+3 6
-14 6
cfi=(60)
cfn=(188)
calls=1 -2 
* 26
* 3

fl=(161)
fn=(534) call_init.part.0
26 60
+17 5
+3 5
-3 10
+3 10
+5 8
+8 12
+1 12
cob=(3) ???
cfi=(156) ???
cfn=(558) 0x00000000048a6000
calls=1 -60 
* 7
cob=(3)
cfi=(156)
cfn=(536) 0x0000000004897000
calls=1 -60 
* 7
+3 4
+1 8
+6 9
+3 6
-1 21
+2 12
cob=(5) /usr/lib/x86_64-linux-gnu/libgcc_s.so.1
cfi=(168) ???
cfn=(564) 0x0000000000005d10
calls=1 -74 
* 12
cob=(2)
cfi=(167) ./libio/./libio/stdfiles.c
cfn=(556) _IO_stdfiles_init
calls=1 -10 
* 22
cob=(2)
cfi=(166) ./libio/./libio/vtables.c
cfn=(554) check_stdfiles_vtables
calls=1 545 
* 12
* 12
cob=(5)
cfi=(168)
cfn=(562) __cpu_indicator_init
calls=1 -74 
* 368
cob=(2)
cfi=(163) ./csu/./csu/init-first.c
cfn=(546) _init_first
calls=1 -28 
* 69
cob=(4) /usr/libexec/valgrind/vgpreload_core-amd64-linux.so
cfi=(162) ???
cfn=(540) 0x0000000000001110
calls=1 -74 
* 12
-1 18
+3 40
-29 2

fn=(532)
81 13
+1 1
+1 1
+3 3
+8 2
+25 1
+1 8
+1 10
-92 10
+6 15
+2 22
+83 8
cfn=(534)
calls=4 -94 
* 686
* 8
+7 8
-98 2
+60 2
-54 3
+2 7
cfn=(534)
calls=1 -11 
* 77
* 2

fl=(20) ./elf/../sysdeps/x86/dl-cacheinfo.h
fn=(52) intel_check_word.constprop.0
133 48
-4 48
+10 72
+87 24
-97 72
+90 24
-90 48
+10 48
-10 24
+10 24
+73 72
-73 24
+73 48
-69 24
+2 48
-10 12
257 144
-31 144
fi=(21) ./elf/../bits/stdlib-bsearch.h
28 144
fe=(20)
+92 96
fi=(21)
-92 108
fe=(20)
+92 72
+3 324
fi=(21)
-97 768
+2 720
fe=(20)
+92 480
+21 144
+2 36
+2 132
+8 120
+51 96
fi=(21)
44 60
-18 120
+17 72
fe=(20)
165 36
+3 60
+9 18
+1 18
+1 18
+1 18
-18 18
+12 18
+23 21
-32 63
+3 63
+4 58
+2 116
+3 58
+1 50
+1 38
+1 24
+2 11
+2 22
+6 14
+3 8
+1 12
-3 9
-5 4
+2 4
+1 4
-2 4
-1 4
+2 8
-2 4
+3 4
-2 12
+2 12
+11 2
-38 6
+12 15

fn=(50) handle_intel.constprop.0
266 24
-5 12
+17 12
-17 96
+11 12
+6 36
+4 24
+34 96
-29 12
+3 24
-3 12
+3 12
cfn=(52)
calls=12 133 
* 4008
+2 24
+3 60
cfn=(52)
calls=12 133 
* 1286
+2 24

fn=(56) get_common_cache_info.constprop.0
624 11
+47 1
-29 1
-3 1
+32 1
-17 2
-11 1
+28 2
+4 2
-26 1
+31 1
-14 1
-15 4
+32 1
-32 9
+75 4
+8 1
+2 1
-2 5
+2 2
-2 1
-4 3
+31 2
-21 4
+2 1
+2 2
-4 3
+2 1
+2 6
+2 4
+3 2
+5 1
+2 2
+1 1
+1 1
-2 2
+1 1
-19 4
+46 2
+2 1
-1 1
+1 2
+1 1
+25 3
+11 4
+1 5
+4 2
+7 1
+1 1
+1 1
+1 7
693 6
+14 2
+4 1
+3 1
+1 1
-4 2
+3 3
+6 4
-37 12
+7 6
-7 3
+7 2
+3 20
+5 2
+4 1
+1 1
-1 2
+1 1
+61 2
+7 1
+2 2
-16 1
+22 1
-6 2
+1 2
+5 1

fl=(43)
fn=(118)
32 19
+1 19
+1 19
+1 19
+1 19
+1 19
+1 19
+1 19
+1 19
+1 19
+1 19
+1 19
+1 19
+1 19
+1 19
+1 19
+1 19
+1 19
+1 16
+4 16
+1 16
+1 16
+1 16
+2 16
+4 3
+1 3
+1 3
+1 3
+1 3
+1 3
+1 3
+1 3
+1 3
+1 3
+1 3
+1 3
+1 3
+1 3
+1 3
+1 3
+1 3
+1 3
+1 3
+1 3
+1 3
+1 3
+1 3
+1 3
+52 3
+4 3
+1 3
+1 3
+1 3
+2 3

fl=(68)
fn=(226)
28 6
+1 12
cfi=(69)
cfn=(228)
calls=3 146 
* 28

fl=(16)
fn=(42) update_active.constprop.0
90 7
+4 1
+28 1
+9 1
-18 1
-10 1
-1 1
+25 1
-23 1
-1 1
-1 2
+19 1
-18 1
+24 1
+8 1
-31 1
+23 1
+3 1
-18 1
+9 1
+9 2
-18 1
+15 1
+3 2
+4 1
-13 1
+13 2
-22 1
+22 2
+5 1
-18 1
+18 1
-4 1
+4 3
+1 1
+2 1
+5 1
-7 2
+1 1
+1 1
-1 2
+5 1
+2 1
-2 4
+1 1
+1 1
-1 2
+1 1
-1 1
+3 2
+1 4
+14 2
+4 2
+1 2
-1 4
+1 2
+2 3
+91 1
-1 2
+17 4
+16 2
+5 1
-1 2
+4 4
+4 2
fi=(18)
30 1
fe=(16)
389 2
+4 3
fi=(19) ./elf/../sysdeps/unix/sysv/linux/x86/dl-hwcap2.h
25 2
fi=(18)
+6 1
-3 1
+3 2
fe=(16)
402 1
+1 7
-92 3
+1 2
+5 1
-1 1
+10 1
-6 1
+2 1
-2 1
+3 1
+3 1
fi=(18)
32 3
+7 4
+1 3
+8 1
-1 1
+1 2
+3 4
+3 2
+9 5
fe=(16)
176 4
+6 2
+14 1
+12 3
-12 1
+12 1
-12 1
+2 1
+10 1
-10 2
-2 1
+2 1
+6 2
+4 1
-4 1
+2 1
-2 1
+2 3
+7 5
-24 1
-5 2
+4 1

fn=(36)
728 1
+23 1
-23 7
+3 1
+9 1
-8 1
+1 1
+9 1
+9 2
+3 6
+6 6
cfn=(38) get_common_indices.constprop.0
calls=1 431 
* 71
409 3
+1 2
+1 6
+5 2
+1 6
+5 2
+1 8
765 1
cfn=(42)
calls=1 90 
* 202
+4 1
+42 1
-38 1
+15 1
-18 1
+41 1
-36 1
-5 1
+39 1
-39 1
+3 2
901 2
+7 2
+60 2
+7 2
+2 2
+4 2
+6 2
1156 1
758 1
1156 1
fi=(20)
1010 6
fe=(16)
755 1
1148 3
+1 2
+3 2
+1 2
+3 2
+7 1
+1 1
+1 1
+1 1
fi=(20)
861 2
964 1
+5 1
+11 1
-9 1
+4 1
+5 1
-16 1
+1 1
+15 1
-9 1
+2 1
-8 1
+1 1
+4 1
-4 1
+1 1
+5 1
-5 1
+1 1
+5 1
-5 1
+6 1
+37 2
-17 3
+8 2
+29 6
+9 2
+20 2
+13 2
-13 1
+6 1
+20 1
-20 1
+7 1
-7 1
+7 1
cfi=(11)
cfn=(28)
calls=1 435 
* 17
* 1
+3 1
+2 2
-3 1
+1 3
+2 1
-2 1
+2 1
cfi=(11)
cfn=(28)
calls=1 435 
* 17
* 1
+12 1
+68 1
-68 1
-10 1
+78 2
-72 2
+72 1
-68 1
+68 1
-68 1
cfi=(11)
cfn=(28)
calls=1 435 
* 17
* 1
+5 1
-4 1
+4 1
-4 2
+55 1
-51 1
+51 1
-51 1
cfi=(11)
cfn=(28)
calls=1 435 
* 17
* 1
+5 1
-4 1
+4 1
-4 2
+37 1
-33 1
+33 1
-33 1
cfi=(11)
cfn=(28)
calls=1 435 
* 17
* 1
+7 1
-6 1
+6 1
+42 1
-42 2
cfi=(11)
cfn=(28)
calls=1 435 
* 17
+2 1
-2 1
+42 1
-40 1
-2 1
+26 10
cfi=(11)
cfn=(58)
calls=1 162 
* 40
+6 3
+3 9
cfi=(11)
cfn=(58)
calls=1 162 
* 40
+2 10
cfi=(11)
cfn=(58)
calls=1 162 
* 40
+1 10
cfi=(11)
cfn=(58)
calls=1 162 
* 40
+1 11
cfi=(11)
cfn=(58)
calls=1 162 
* 40
+3 10
cfi=(11)
cfn=(58)
calls=1 162 
* 40
+8 1
fe=(16)
+13 2
fi=(20)
-10 1
fe=(16)
+10 1
fi=(20)
-9 1
-4 1
+1 1
+2 1
+2 1
-4 1
+1 1
+3 1
-3 1
+4 1
fe=(16)
+7 1
cfi=(11)
cfn=(28)
calls=1 435 
* 16
+3 4
cfi=(11)
cfn=(28)
calls=1 435 
* 18
+9 1
+4 1
-4 2
+55 1
-1 1
+1 1
+45 4
cfi=(11)
cfn=(28)
calls=1 435 
* 16
+2 4
cfi=(11)
cfn=(28)
calls=1 435 
* 16
+4 2
+3 4
+3 1
+35 3
-32 1
+32 1
cfi=(11)
cfn=(28)
calls=1 435 
* 18
+7 8
fi=(20)
1046 3
+3 1
+1 2
fe=(16)
1195 1
+1 1
-1 1
+1 2
+45 3
+27 2
-10 3
+1 3
+6 1
-3 2
fi=(20)
863 3
cfn=(50)
calls=1 266 
* 443
+1 1
-1 1
+1 1
cfn=(50)
calls=1 266 
* 521
+4 1
-4 1
+1 2
+3 1
cfn=(50)
calls=1 266 
* 471
+2 1
-2 1
+2 1
cfn=(50)
calls=1 266 
* 463
+3 1
-3 1
+1 2
+2 1
cfn=(50)
calls=1 266 
* 433
+2 1
-2 1
+2 1
cfn=(50)
calls=1 266 
* 435
+2 1
-2 1
+2 1
cfn=(50)
calls=1 266 
* 496
+2 1
-2 1
+2 1
cfn=(50)
calls=1 266 
* 486
+2 1
-2 1
+2 1
cfn=(50)
calls=1 266 
* 488
+1 1
+2 1
-3 1
+1 1
+2 1
cfn=(50)
calls=1 266 
* 511
+2 1
-2 1
+2 1
cfn=(50)
calls=1 266 
* 513
+2 1
-2 1
+2 1
cfn=(50)
calls=1 266 
* 514
+2 4
-2 1
+2 2
cfn=(56)
calls=1 624 
* 206
1001 1
-6 3
+6 1
-6 2
+6 2
-6 2
+6 3
-1 2
fe=(16)
775 3
565 4
781 5
+37 2
+3 2
926 1
+1 2

fn=(38)
431 3
+4 4
+3 3
+5 2
-5 1
+5 1
-5 1
+4 1
+1 1
+1 4
+1 4
+1 3
+1 2
+7 2
+2 4
+5 1
-5 1
+5 1
-5 2
+5 1
+7 1
-7 4
+7 1
+1 3
+6 1
-6 4
+6 1
fi=(17) ./elf/../sysdeps/unix/sysv/linux/x86/dl-minsigstacksize.h
24 2
+3 2
+1 2
+37 3
+9 2
fe=(16)
490 3

fl=(14) ./elf/../sysdeps/unix/sysv/linux/brk.c
fn=(30) brk
36 1
fi=(337) ./elf/../sysdeps/unix/sysv/linux/brk_call.h
-12 2
fe=(14)
+13 1
+1 2
+6 1
+1 1

fl=(80)
fn=(282)
361 5
-86 2
+2 2
-1 1
+6 1
+3 1
-3 1
+1 1
-1 1
+1 1
-1 1
+1 1
+5 2
+5 2
+70 2

fn=(528)
331 1
+3 2
+16 1

fl=(144)
fn=(462)
117 25
+5 5

fn=(522)
117 5
+5 1

fl=(33)
fn=(260)
98 1
+27 1
+1 1
+1 1
+1 1
+1 1
+2 1
+1 1
+2 1
+1 1
+21 1
+1 1
+44 1
+1 1
+1 1
+1 1
+1 1
+1 1
+1 1
+1 1
+1 1
+1 1
+1 1
+1 1
+2 1
+1 1
+1 1
+1 1
+1 1
+1 1
1613 1
+1 1
+1 1
+1 1
+1 1
+2 1
+1 1
+1 1
+1 1
+1 1
+1 1
+1 1
2095 1
+1 1
+1 1
+1 1
+1 2
+5 1
+3 1
+1 1
+2 1
+1 1
+8 1
+1 1

fn=(94)
98 369
+33 369
+1 369
+2 369
+1 369
+21 369
+1 369
+1 222
+1 222
+1 143
+1 143
+1 143
+1 143
+17 143
+1 143
+1 143
+1 143
+1 143
+1 143
+1 143
+5 23
+1 69
+9 23
+1 23
+1 23
+1 23
+1 23
+1 23
+1 23
+1 23
-7 226
+1 226
+1 226
+1 226
+1 226
+1 226
+1 226
+1 226
+1 142
+1 58
+1 58
+1 58
+2 58
+1 58
+1 58
+1 58
+1 58
+1 58
-5 84
+1 84
+1 84
+1 84
+1 84
+1 84
+10 107
+1 107
+1 107
+2 107
+6 107
+1 107
+1 107
+1 107
+1 107
+5 107
+2 104
+1 104
+1 208
+8 104
+1 104
+3 104
+1 104
+1 104
+1 104
+1 104
+1 104
424 2
+1 2
+1 2
+1 2
+1 2
+2 2
+1 2
+1 2
+1 2
+1 2
+1 2
+1 2
+1 2
+3 2
+1 2
+1 2
+6 2
+1 2
+1 4
+4 2
+1 2
+3 2
+1 2
+1 2
+2 2
+1 2
+1 2
+4 2
+1 2
+1 2
+1 2
+1 2
+1 2
+69 2
+1 2
+1 2
+1 2
+1 2
+2 2
+1 2
+1 2
+1 2
+1 2
+1 2
+1 2
+1 2
+4 2
+1 2
+1 2
+6 2
+1 2
+1 4
+4 2
+1 2
+3 2
+1 2
+1 2
+2 2
+1 2
+1 2
+4 2
+1 2
+1 2
+1 2
+1 2
+1 2
+69 4
+1 4
+1 4
+1 4
+1 4
+2 4
+1 4
+1 4
+1 4
+1 4
+1 4
+1 4
+1 4
+4 4
+1 4
+1 4
+6 4
+1 4
+1 8
+4 4
+1 4
+3 4
+1 4
+1 4
+2 4
+1 4
+1 4
+4 4
+1 4
+1 4
+1 4
+1 4
+1 4
+7 1
+1 1
+2 1
+1 1
+2 1
+1 1
+1 1
+2 1
+1 1
+1 1
+4 1
+1 1
+1 1
+1 1
+1 1
+1 1
+41 5
+1 5
+1 5
+1 5
+1 5
+2 5
+1 5
+1 5
+1 5
+1 5
+1 5
+1 5
+1 4
+4 4
+1 4
+1 4
+6 4
+1 4
+1 8
+4 4
+1 4
+3 4
+1 4
+1 4
+2 4
+1 4
+1 4
+4 4
+1 4
+1 4
+1 4
+1 4
+1 4
+7 1
+1 1
+2 1
+1 1
+2 1
+1 1
+1 1
+2 1
+1 1
+1 1
+4 1
+1 1
+1 1
+1 1
+1 1
+1 1
+41 6
+1 6
+1 6
+1 6
+1 6
+2 6
+1 6
+1 6
+1 6
+1 6
+1 6
+1 6
+1 6
+4 6
+1 6
+1 6
+6 6
+1 6
+1 12
+4 6
+1 6
+3 6
+1 6
+1 6
+2 6
+1 6
+1 6
+4 6
+1 6
+1 6
+1 6
+1 6
+1 6
+7 1
+1 1
+2 1
+1 1
+2 1
+1 1
+1 1
+2 1
+1 1
+1 1
+4 1
+1 1
+1 1
+1 1
+1 1
+1 1
+41 5
+1 5
+1 5
+1 5
+1 5
+2 5
+1 5
+1 5
+1 5
+1 5
+1 5
+1 5
+1 3
+4 3
+1 3
+1 3
+6 3
+1 3
+1 6
+4 3
+1 3
+3 3
+1 3
+1 3
+2 3
+1 3
+1 3
+4 3
+1 3
+1 3
+1 3
+1 3
+1 3
+7 2
+1 2
+2 2
+1 2
+2 2
+1 2
+1 2
+2 2
+1 2
+1 2
+4 2
+1 2
+1 2
+1 2
+1 2
+1 2
+41 9
+1 9
+1 9
+1 9
+1 9
+2 9
+1 9
+1 9
+1 9
+1 9
+1 9
+1 9
+1 7
+4 7
+1 7
+1 7
+6 7
+1 7
+1 14
+4 7
+1 7
+3 7
+1 7
+1 7
+2 7
+1 7
+1 7
+4 7
+1 7
+1 7
+1 7
+1 7
+1 7
+7 1
+1 1
+2 1
+1 1
+2 1
+1 1
+1 1
+2 1
+1 1
+1 1
+4 1
+1 1
+1 1
+1 1
+1 1
+1 1
+41 27
+1 27
+1 27
+1 27
+1 27
+2 27
+1 27
+1 27
+1 27
+1 27
+1 27
+1 27
+1 26
+4 26
+1 26
+1 26
+6 26
+1 26
+1 52
+4 26
+1 26
+3 26
+1 26
+1 26
+2 26
+1 26
+1 26
+4 26
+1 26
+1 26
+1 26
+1 26
+1 26
+69 7
+1 7
+1 7
+1 7
+1 7
+2 7
+1 7
+1 7
+1 7
+1 7
+1 7
+1 7
+1 2
+4 2
+1 2
+1 2
+6 2
+1 2
+1 4
+4 2
+1 2
+3 2
+1 2
+1 2
+2 2
+1 2
+1 2
+4 2
+1 2
+1 2
+1 2
+1 2
+1 2
+69 22
+1 22
+1 22
+1 22
+1 22
+2 22
+1 22
+1 22
+1 22
+1 22
+1 22
+1 22
+1 11
+4 11
+1 11
+1 11
+6 11
+1 11
+1 22
+4 11
+1 11
+3 11
+1 11
+1 11
+2 11
+1 11
+1 11
+4 11
+1 11
+1 11
+1 11
+1 11
+1 11
+7 1
+1 1
+2 1
+1 1
+2 1
+1 1
+1 1
+2 1
+1 1
+1 1
+4 1
+1 1
+1 1
+1 1
+1 1
+1 1
+41 5
+1 5
+1 5
+1 5
+1 5
+2 5
+1 5
+1 5
+1 5
+1 5
+1 5
+1 5
+1 4
+4 4
+1 4
+1 4
+6 4
+1 4
+1 8
+4 4
+1 4
+3 4
+1 4
+1 4
+2 4
+1 4
+1 4
+4 4
+1 4
+1 4
+1 4
+1 4
+1 4
+69 10
+1 10
+1 10
+1 10
+1 10
+2 10
+1 10
+1 10
+1 10
+1 10
+1 10
+1 10
+1 9
+4 9
+1 9
+1 9
+6 9
+1 9
+1 18
+4 9
+1 9
+3 9
+1 9
+1 9
+2 9
+1 9
+1 9
+4 9
+1 9
+1 9
+1 9
+1 9
+1 9
+69 25
+1 25
+1 25
+1 25
+1 25
+2 25
+1 25
+1 25
+1 25
+1 25
+1 25
+1 25
+1 6
+4 6
+1 6
+1 6
+6 6
+1 6
+1 12
+4 6
+1 6
+3 6
+1 6
+1 6
+2 6
+1 6
+1 6
+4 6
+1 6
+1 6
+1 6
+1 6
+1 6
+69 13
+1 13
+1 13
+1 13
+1 13
+2 13
+1 13
+1 13
+1 13
+1 13
+1 13
+1 13
+2 5
+4 5
+1 5
+1 5
+6 5
+1 5
+2 10
+4 5
+1 5
+3 5
+1 5
+1 5
+2 5
+1 5
+1 5
+4 5
+1 5
+1 5
+1 5
+1 5
+1 5
+71 195
+2 195
+1 195
+1 195
+1 195
-3 54
+1 54
+1 54
+1 54
+1 116
+5 58
+6 58
+1 58
+8 58
+1 58
-16 311
+6 311
+1 311
+8 311
+1 311

fl=(48)
fn=(468)
612 10
+1 2
+4 1
+9 2
-3 2
cfi=(24)
cfn=(84)
calls=1 43 
* 3
+3 3
+12 3
+70 2
cfi=(24)
cfn=(84)
calls=1 43 
* 3
+3 1
+3 9
-52 1
-42 1
-1 1
+43 2
-19 11
+26 6
+1 12
+2 6
+1 6
+9 3
+10 6
+2 18
cfi=(29)
cfn=(124)
calls=3 197 
* 47
* 15
cfi=(45)
cfn=(128)
calls=3 137 
* 52
-51 3
+55 3
+4 6
-59 12
+6 8
+3 9
+1 6
+6 9
+3 3
-2 3
+6 3
-6 3
+2 6
+4 3
-4 9
+3 6
+41 2

fn=(266)
133 2
+3 1
-3 3
+3 1
-3 1
+3 1
-3 2
+3 1
cfi=(11)
cfn=(28)
calls=1 435 
* 17
* 1
+1 4
cfi=(11)
cfn=(28)
calls=1 435 
* 17
+1 1
+2 1
-3 1
+1 2
+2 3
+3 1
+2 1
-26 3
+28 3
+1 6

fn=(238)
161 2
+16 2
-13 2
-3 6
+3 2
+55 2
-2 2
+5 2
+1 4

fn=(268)
251 7
+35 1
-35 1
+37 3
-34 1
-1 1
-1 2
+63 9
+3 3
-3 15
+5 3
+7 3
-7 12
+3 3
-34 3
-1 6
+1 2
-1 4
+3 15
+4 3
-1 3
+5 3
-5 3
+1 3
-1 3
+3 6
+2 9
fi=(76) ./elf/../sysdeps/unix/sysv/linux/dl-extra_tls.h
32 3
+12 1
-12 1
cfi=(11)
cfn=(28)
calls=1 435 
* 18
+1 3
+4 10
+14 4
cfi=(11)
cfn=(28)
calls=1 435 
* 18
+1 3
fe=(48)
350 6
455 1
-94 1
+2 1
-2 2
+3 7
+2 2
+90 7
fi=(76)
54 1
fe=(48)
344 3
+6 3

fn=(464)
1177 3
+1 15
-1 12
+9 3
+3 3
+1 3
+4 9
+36 6
+3 6
+1 9
+5 3
-3 3
+4 6

fn=(466)
1138 1
+1 1
+3 4
+6 6
-6 9
+2 12
+1 8
+6 1
+1 1

fn=(144)
228 1
+2 2
+1 1
+15 2

fn=(272)
517 7
fi=(77) ./elf/./dl-tls_block_align.h
23 1
fe=(48)
+74 1
523 2
fi=(28)
56 1
cfi=(27)
cfn=(76)
calls=1 -20 
* 83
fe=(48)
525 2
fi=(77)
41 2
+6 4
+5 1
fi=(28)
-8 1
fi=(77)
+3 1
+1 1
+4 304
fe=(48)
535 1
-70 1
+5 1
fi=(28)
44 1
cfi=(27)
cfn=(72)
calls=1 +36 
* 29
fe=(48)
471 2
-2 1
+11 1
-11 1
+11 1
+60 2
-23 1
103 1
545 6

fl=(32)
fn=(90)
24 2
+1 2
-1 2
+1 2
cfi=(11)
cfn=(28)
calls=1 435 
* 18
* 5
+14 2

fl=(328) ./elf/./elf/dl-call_fini.c
fn=(1348) _dl_call_fini
24 40
+4 10
+6 5
-2 5
+3 10
+4 6
+3 6
-4 15
+5 3
cob=(5)
cfi=(168)
cfn=(1394) 0x00000000000049b0
calls=1 -43 
* 42
cob=(4)
cfi=(162)
cfn=(1376) 0x00000000000010d0
calls=1 -43 
* 96
cob=(6)
cfi=(169)
cfn=(1350) 0x0000000000010a80
calls=1 -43 
* 95
* 1
cob=(5)
cfi=(168)
cfn=(1406) 0x0000000000005cd0
calls=1 -43 
* 96
-1 12
+5 5
+1 10
+1 6
+1 15
-1 3
cob=(3)
cfi=(156)
cfn=(1422) 0x00000000048c9438
calls=1 -49 
* 4
cob=(3)
cfi=(156)
cfn=(1392) 0x0000000004897294
calls=1 -49 
* 4
cob=(3)
cfi=(156)
cfn=(1372) 0x00000000040503f8
calls=1 -49 
* 4
+1 12

fl=(9)
fn=(18) _dl_sysdep_parse_arguments
78 1
+2 1
-2 7
+1 1
+1 1
-1 1
+2 3
+2 3
-1 1
+1 2
-1 23
+1 46
+7 56
fi=(10) ./elf/../sysdeps/unix/sysv/linux/dl-parse_auxv.h
-48 1
fe=(9)
+44 1
fi=(10)
-53 1
fe=(9)
+53 1
fi=(10)
-53 1
+1 1
+1 1
+7 3
+1 44
+1 22
-2 22
+2 22
-2 66
+13 1
+10 1
fe=(9)
+29 1
fi=(10)
-27 1
fe=(9)
+26 1
+2 1
fi=(10)
-40 1
+2 1
fe=(9)
+37 1
fi=(10)
-47 1
+10 1
+8 1
-17 1
+1 1
+16 1
-15 1
+1 1
+14 1
+2 1
-15 1
+1 1
+1 2
+13 3
-18 1
+6 1
-5 1
+5 1
+2 1
-6 1
+6 1
fe=(9)
+37 1
fi=(10)
-42 1
-4 1
+5 1
+1 1
-8 1
+21 1
-20 1
+18 1
fe=(9)
+28 1
+1 1
+1 1
+1 8

fn=(16)
102 5
+4 1
-4 1
+1 1
+3 1
cfn=(18)
calls=1 -28 
* 385
+4 2
cfi=(11)
cfn=(22)
calls=1 294 
* 5901
+3 1
cfi=(13)
cfn=(26)
calls=1 289 
* 32
+2 2
cfi=(14)
cfn=(30)
calls=1 -79 
* 8
fi=(6)
+94 1
cfi=(15)
cfn=(34)
calls=1 37 
* 7126
fe=(9)
-87 3
+1 1
cfi=(22)
cfn=(60)
calls=1 -66 
* 17
* 1
+2 2
cfi=(23)
cfn=(62)
calls=1 -88 
* 13
* 3
+12 3
+3 5
cfi=(2)
cfn=(64)
calls=1 1356 
* 175993
+3 4

fn=(516)
147 1
+1 1

fl=(325) ./elf/./elf/dl-fini.c
fn=(1342) _dl_fini
26 6
+17 1
-17 4
+20 8
+3 2
cob=(2)
cfi=(326) ./nptl/./nptl/pthread_mutex_lock.c
cfn=(1344) pthread_mutex_lock@@GLIBC_2.2.5
calls=1 +22 
* 38
+2 1
+3 2
+2 5
-10 4
+95 2
+13 8
-13 2
+2 1
-2 2
+6 2
-84 3
-2 1
+2 1
cfi=(51)
cfn=(518)
calls=1 -22 
* 10
+5 16
+6 1
-6 1
+4 1
+2 3
+2 10
+2 10
+2 10
+1 5
+1 5
+4 5
-12 15
+19 6
+1 4
+6 6
cfi=(13)
cfn=(248)
calls=1 298 
* 363
+9 2
cob=(2)
cfi=(327) ./nptl/./nptl/pthread_mutex_unlock.c
cfn=(1346) pthread_mutex_unlock@@GLIBC_2.2.5
calls=1 357 
* 28
+5 6
+2 1
+2 2
-2 4
+2 8
+13 2
+4 3
cfi=(51)
cfn=(518)
calls=1 -94 
* 10
* 2
-15 20
cfi=(328)
cfn=(1348)
calls=5 -96 
* 505
+3 10
cfi=(51)
cfn=(1374)
calls=5 -26 
* 25
-9 10
+14 5
-14 16

fl=(61)
fn=(242)
33 1
+1 3
+9 2

fn=(190)
60 2
-26 6
+26 6
-26 2
+36 1
-33 6
cfi=(11)
cfn=(28)
calls=1 435 
* 18
* 6
+5 1
+28 3

fl=(145)
fn=(476) _dlfo_sort_mappings
553 1
+1 2
-1 2
+4 2
-4 2
+4 1
-4 3
+8 1
+1 1
-1 1
+1 2
-1 2
+1 2
-1 2
+1 16
+1 6
+2 6
-3 12
+1 6
+2 6
-3 12
+8 9
+1 9
-1 6
+1 15
+1 9
-15 9
+17 4

fn=(474) _dlfo_process_initial
505 14
+3 2
-3 2
+1 2
+3 4
+5 10
+10 10
-9 6
+1 10
-1 20
+3 36
+3 32
-7 10
+34 2
-2 2
+2 16
-24 16
+5 24
+3 4
-1 12
cfi=(146)
cfn=(472)
calls=4 105 
* 500
+2 16

fn=(470)
578 6
+3 1
+2 2
+13 1
cfn=(474)
calls=1 -91 
* 117
* 1
+1 3
fi=(28)
56 1
cfi=(27)
cfn=(76)
calls=1 -20 
* 18
fe=(145)
597 1
+2 2
+3 3
+5 1
+1 1
cfn=(474)
calls=1 505 
* 633
+3 4
+10 5
-37 2
cfi=(146)
cfn=(472)
calls=1 105 
* 119
* 1
+29 1
cfn=(476)
calls=1 -60 
* 149
+3 6
+2 1

fl=(73)
fn=(244)
30 39
+4 3
+1 6
+10 6
+18 3
-17 3
+17 15

fl=(44)
fn=(122)
59 1
+12 1
+1 1
+22 1
+1 1
+45 1
+1 1
+2 1
+1 1
+2 1
+1 1
+2 1
+1 1
+47 1
+1 1
+1 1
+1 1
+1 1
+1 1

fl=(7)
fn=(484)
76 2
+10 1
+5 1
-15 3
+15 1
-15 5
+10 1
+2 1
+1 1
+2 1
cfn=(486) lookup_malloc_symbol
calls=1 -30 
* 618
+1 3
-1 1
+1 1
cfn=(486)
calls=1 -31 
* 655
+1 3
-1 1
+1 1
cfn=(486)
calls=1 -32 
* 651
+1 3
-1 1
+1 1
cfn=(486)
calls=1 -33 
* 670
+5 1
+1 1
+1 1
+1 1
+1 8

fn=(12)
42 1
+1 2
+1 2
+1 2
+1 2
+1 1

fn=(132)
239 2
+3 6
+2 2
+1 4
+4 3
-2 3
+4 28
+5 84
-2 56
+13 1
+4 4
-22 14
+15 14
-15 30

fn=(486)
61 8
+3 4
-3 12
+3 4
-3 4
+3 20
-1 4
+1 4
cfi=(82)
cfn=(294)
calls=4 767 
* 2442
+4 32
+1 24
+2 4
fi=(149) ./elf/./dl-sym-post.h
-30 8
+12 12
fe=(7)
+19 12

ob=(2)
fl=(118)
fn=(384)
29 1
fi=(338) ./string/../sysdeps/x86_64/multiarch/ifunc-sse4_2.h
+7 5
fe=(118)
-7 1

fl=(332) ./posix/../sysdeps/unix/sysv/linux/_exit.c
fn=(1430) _Exit
27 3

fl=(170) ./csu/../csu/libc-start.c
fn=(574) __libc_start_main@@GLIBC_2.34
242 13
+69 2
+1 4
cfi=(171) ./stdlib/./stdlib/cxa_atexit.c
cfn=(576) __cxa_atexit
calls=1 67 
* 70
+25 6
+6 2
-3 2
+10 2
cob=(3)
cfi=(156)
cfn=(592) 0x00000000048f8790
calls=1 0 
* 7
+2 2
+8 4
cfi=(173) ./csu/../sysdeps/nptl/libc_start_call_main.h
cfn=(596) (below main)
calls=1 30 
* 21233812
128 2
+6 3
+1 6
cob=(3)
cfi=(156)
cfn=(580) 0x00000000040503dc
calls=1 0 
* 7
* 1
+3 1
+1 2
+3 3
+2 2
-1 9
+2 4
cob=(6)
cfi=(169)
cfn=(586) 0x0000000000010ac0
calls=1 0 
* 12
* 4
cob=(6)
cfi=(172) /rustc/88d9e12ae178fab0fb5cc050a94da85685d449ea/library/core/src/sync/atomic.rs
cfn=(584) std::sys::args::unix::imp::ARGV_INIT_ARRAY::init_wrapper
calls=1 3875 
* 2
-1 7

fl=(85)
fn=(306)
86 1
fi=(86) ./string/../sysdeps/x86/cacheinfo.h
-24 1
+3 3
+2 1
+1 1
-1 2
+7 3
+2 1
+1 1
-1 2
+5 2
+3 2
+2 2
+1 2
+1 2
+2 2
fe=(85)
-4 2

fl=(135)
fn=(432)
29 1
fi=(97) ./debug/../sysdeps/x86_64/multiarch/ifunc-memmove.h
+27 3
+1 2
+3 3
+14 2
+3 2
+8 2
+8 2
+3 5
fe=(135)

fl=(177) ./io/../sysdeps/unix/sysv/linux/poll.c
fn=(606) poll
27 2
+2 4
-2 1
+2 3
cfi=(178) ./nptl/./nptl/cancellation.c
cfn=(608) __syscall_cancel
calls=1 +45 
* 17
+14 2

fl=(98)
fn=(334)
29 1
fi=(97)
+27 3
+1 2
+3 3
+14 2
+3 2
+8 2
+8 2
+3 5
fe=(98)

fl=(126)
fn=(404)
31 2
fi=(127) ./wcsmbs/../sysdeps/x86_64/multiarch/ifunc-wmemset.h
+5 10
+1 6
+3 4
+8 6
+3 8
fe=(126)
-20 2

fl=(143)
fn=(458)
31 1
fi=(116) ./string/../sysdeps/x86_64/multiarch/ifunc-strcasecmp.h
+5 1
+1 4
fe=(143)
-6 2
fi=(116)
+7 3
+4 4
+3 3
+3 4
fe=(143)

fl=(165) ./string/../sysdeps/x86_64/multiarch/strrchr-avx2.S
fn=(552) __strrchr_avx2
53 1
+1 1
+1 1
+2 1
+1 1
+4 1
+1 1
+1 1
+3 1
+2 1
+1 1
+1 1
+1 1
+3 1
+1 1
+2 1
+1 1
+1 1
+1 1
+1 1
+9 2

fl=(153) ./resource/../sysdeps/unix/sysv/linux/getrlimit64.c
fn=(500) getrlimit
38 4
+1 14
+1 2

fl=(151)
fn=(496)
34 8
+2 1
cfi=(152) ./ctype/./ctype/ctype-info.c
cfn=(498) __ctype_init
calls=1 +1 
* 17
+3 1
fi=(154) ./elf/../sysdeps/nptl/pthread_early_init.h
-6 2
fe=(151)
+6 1
+3 2
fi=(154)
-9 1
cfi=(153)
cfn=(500)
calls=1 +5 
* 10
* 3
+1 1
+4 5
+7 1
fi=(339) ./elf/../nptl/nptl-stack.h
+16 3
fi=(154)
-16 1
fi=(339)
+16 2
fi=(154)
-7 1
fi=(339)
+7 2
fi=(154)
-9 1
-6 1
+2 2
+4 4
+1 1
+3 1
cfi=(155) ./nptl/./nptl/pthread_mutex_conf.c
cfn=(504) __pthread_tunables_init
calls=1 -1 
* 84
fe=(151)
-9 2
cfi=(157) ./stdlib/../sysdeps/unix/sysv/linux/getrandom.c
cfn=(508) __getrandom_early_init
calls=1 238 
* 18
+3 3
+1 2
-1 1
cfi=(158) ./malloc/./malloc/arena.c
cfn=(510) __ptmalloc_init
calls=1 251 
* 1086

fl=(204) ./libio/./libio/iogetdelim.c
fn=(686) getdelim
41 430
+6 43
-6 129
+6 86
+7 172
+8 255
+16 126
+1 84
-38 86
+64 47
+6 47
-7 94
+1 47
+6 47
-6 94
+4 5
+2 1
cob=(3)
cfi=(156)
cfn=(712) 0x00000000048f8400
calls=1 0 
* 403
+1 2
-1 1
+1 1
+6 2
+1 2
+2 2
fi=(340) ./libio/../string/bits/string_fortified.h
-92 4
cob=(3)
cfi=(156)
cfn=(720) 0x00000000048f86a0
calls=1 -29 
* 32
fe=(204)
+92 46
fi=(340)
-92 184
cob=(3)
cfi=(156)
cfn=(720)
calls=46 -29 
* 941
fe=(204)
+93 47
+2 102
cfi=(197) ./libio/./libio/genops.c
cfn=(688) __underflow
calls=4 295 
* 484
* 8
+2 8
-3 4
+3 4
-33 16
cob=(3)
cfi=(156)
cfn=(708) 0x00000000048f8470
calls=4 -93 
* 110
* 172
cob=(3)
cfi=(156)
cfn=(708)
calls=43 -93 
* 1763
* 47
+2 188
+1 188
fi=(210) ./libio/./libio/libioP.h
991 86
fe=(204)
134 387
-86 86
+16 1
+1 1
-1 1
+1 1
cob=(3)
cfi=(156)
cfn=(642) 0x00000000048f83e0
calls=1 -65 
* 168
* 2
+3 2
+10 2
-9 1
+9 1
+1 2
+2 2
cfi=(197)
cfn=(688)
calls=1 295 
* 381
* 2
+5 4
+42 129
fi=(210)
991 86
fe=(204)

fl=(327)
fn=(1346)
357 1
51 1
+1 2
357 3
55 2
+8 1
-3 1
-21 1
+1 4
+1 1
+27 1
+2 1
359 2
72 2
+3 3
+3 2

fl=(87)
fn=(310)
31 2
fi=(88) ./string/../sysdeps/x86_64/multiarch/ifunc-avx2.h
+7 6
+2 8
+1 4
+1 6
+4 8
+3 6
+3 10
fe=(87)

fl=(120)
fn=(388)
29 1
fi=(121) ./string/../sysdeps/x86_64/multiarch/ifunc-strcpy.h
+9 2
+1 1
-1 2
+1 2
+4 4
+3 3
+3 3
fe=(120)
-20 1

fl=(99)
fn=(338)
29 1
fi=(88)
+9 3
+2 4
+1 2
+1 3
+4 4
+3 3
+3 5
fe=(99)

fl=(128)
fn=(408)
29 1
fi=(121)
+9 2
+1 1
-1 2
+1 2
+4 4
+3 3
+3 3
fe=(128)
-20 1

fl=(122)
fn=(392)
31 1
fi=(116)
+5 1
+1 4
fe=(122)
-6 2
fi=(116)
+7 3
+4 4
+3 3
+3 4
fe=(122)

fl=(211) ./stdio-common/./stdio-common/isoc23_sscanf.c
fn=(732) __isoc23_sscanf
24 645
fi=(212) ./stdio-common/../libio/strfile.h
+64 172
fe=(211)
-64 129
fi=(212)
+64 43
-1 43
+1 43
cfi=(197)
cfn=(660) _IO_no_init
calls=43 589 
* 2107
+1 43
+1 172
-1 43
+1 43
cfi=(213) ./libio/./libio/strops.c
cfn=(736) _IO_str_init_static_internal
calls=43 -54 
* 3731
fe=(211)
-60 43
+1 86
-1 43
+1 43
-1 43
+1 43
-1 129
+1 43
cfi=(215) ./stdio-common/./stdio-common/vfscanf-internal.c
cfn=(742) __vfscanf_internal
calls=43 287 
* 73364
+5 387

fl=(229) ./nptl/./nptl/pthread_attr_destroy.c
fn=(810) pthread_attr_destroy
26 1
+10 3
-10 4
+12 2
cob=(3)
cfi=(156)
cfn=(754) 0x00000000048f83d0
calls=1 -38 
* 35
+1 3
cob=(3)
cfi=(156)
cfn=(754)
calls=1 -39 
* 35
+5 3

fl=(129)
fn=(412)
31 1
fi=(116)
+5 1
+1 4
fe=(129)
-6 2
fi=(116)
+7 3
+4 4
+3 3
+3 4
fe=(129)

fl=(166)
fn=(554)
545 1
+1 4
+1 3
+1 3
+2 1

fl=(198) ./libio/./libio/fileops.c
fn=(772) _IO_file_seek
1200 2
+1 4
cfi=(222) ./io/../sysdeps/unix/sysv/linux/lseek64.c
cfn=(774) lseek
calls=2 28 
* 12

fn=(672) _IO_file_fopen@@GLIBC_2.2.5
247 12
+9 2
+2 5
+23 14
391 12
-89 7
+1 1
+3 1
-25 21
+34 5
cfn=(674) _IO_file_open
calls=1 -99 
* 79
* 1
+3 2
+3 3
cfi=(201) ./string/../string/strstr.c
cfn=(678) __GI_strstr
calls=1 77 
* 59
+1 2
-16 1
-1 1
+1 6
+1 1
-45 1
-1 1
-13 2
+33 6

fn=(674)
216 11
+2 1
+1 2
-1 1
+5 2
+3 2
+3 1
-4 1
+1 3
+3 1
-3 1
+3 1
+10 2
cfi=(197)
cfn=(666) _IO_link_in
calls=1 109 
* 14
+2 1
-1 1
+1 4
-22 1
cfi=(200) ./io/../sysdeps/unix/sysv/linux/open64_nocancel.c
cfn=(676) __open_nocancel
calls=1 28 
* 27
* 2

fn=(768) _IO_file_close_it@@GLIBC_2.2.5
129 7
+2 3
+3 4
+1 2
+2 2
+14 2
+1 3
+5 1
fi=(210)
1037 3
+1 2
fe=(198)
157 5
cfn=(770) _IO_file_seekoff@@GLIBC_2.2.5
calls=1 954 
* 67
* 1
+1 2
+7 2
+2 1
fi=(210)
1037 2
+1 2
fe=(198)
167 3
cfn=(772)
calls=1 1200 
* 9
+2 2
-39 1
+43 1
+2 1
-2 1
cfi=(197)
cfn=(776) _IO_unsave_markers
calls=1 977 
* 6
+3 3
fi=(210)
1037 3
+1 2
fe=(198)
176 2
cfn=(778) _IO_file_close
calls=1 1225 
* 9
* 1
+3 3
+8 5
cfi=(197)
cfn=(700) _IO_setb
calls=1 355 
* 67
+1 1
+3 1
-3 3
+3 1
cfi=(197)
cfn=(764) _IO_un_link
calls=1 67 
* 4
+5 1
-4 1
+1 1
+3 1
-2 1
+3 7
-45 3

fn=(784) _IO_file_finish@@GLIBC_2.2.5
202 1
+1 2
+6 2
cfi=(197)
cfn=(786) _IO_default_finish
calls=1 628 
* 20

fn=(704) _IO_file_read
1191 5
+3 5
-1 5
+1 5
-1 5
cfi=(207) ./io/../sysdeps/unix/sysv/linux/read_nocancel.c
cfn=(706) __read_nocancel
calls=5 25 
* 30

fn=(664) _IO_new_file_init_internal
107 6
+5 1
-1 1
+3 1
cfi=(197)
cfn=(666)
calls=1 -5 
* 101
+1 1
+1 3

fn=(770)
954 12
+8 2
1108 11
890 2
+4 1
-2 2
+2 1
+5 2
+32 2
+10 1
+2 2
-17 1
fi=(210)
1037 3
+1 2
fe=(198)
926 4
cfn=(772)
calls=1 1200 
* 9
+2 2
-5 1
-14 2
+1 2
+13 3

fn=(778)
1225 1
+3 2
cfi=(223) ./io/../sysdeps/unix/sysv/linux/close_nocancel.c
cfn=(780) __close_nocancel
calls=1 25 
* 6

fn=(690) _IO_file_underflow@@GLIBC_2.2.5
496 5
+4 15
+3 10
+6 15
-13 35
+16 10
+12 8
+9 5
+7 10
cfi=(197)
cfn=(702) _IO_switch_to_get_mode
calls=5 190 
* 110
+11 5
-5 5
fi=(210)
1037 5
fe=(198)
546 5
fi=(210)
1037 5
fe=(198)
546 5
+1 5
+2 5
-1 10
fi=(210)
1038 10
fe=(198)
551 20
cfn=(704)
calls=5 1191 
* 55
+2 10
+16 5
-9 5
+9 10
+2 10
+1 30
-57 3
+5 2
cfi=(197)
cfn=(692) _IO_doallocbuf
calls=1 369 
* 254
+4 4

fn=(696) _IO_file_stat
1207 1
+1 2
cfi=(206) ./io/../sysdeps/unix/sysv/linux/fstat64.c
cfn=(698) fstat
calls=1 30 
* 6

fl=(136)
fn=(436)
33 1
fi=(121)
+5 2
+1 1
-1 2
+1 2
+4 4
+3 3
+3 3
fe=(136)
-16 1

fl=(175) ./setjmp/../sysdeps/x86_64/setjmp.S
fn=(600) __sigsetjmp
31 1
+2 1
+9 1
+1 2
+1 1
+4 1
+1 1
+1 1
+1 1
+1 1
+2 2
+2 1
+1 1
+1 1
+2 2
+2 1
+5 1
+1 1
+17 1
cfi=(176) ./setjmp/./setjmp/sigjmp.c
cfn=(602) __sigjmp_save
calls=1 -57 
* 6

fl=(296) ./io/../sysdeps/unix/sysv/linux/close.c
fn=(1126) close
26 636
+1 1908
-1 318
+1 954
cfi=(178)
cfn=(608)
calls=318 +47 
* 5406
+1 636

fl=(329) ./stdlib/./stdlib/cxa_finalize.c
fn=(1358) __cxa_finalize
45 6
+3 6
-3 24
+3 15
+3 12
+4 21
-4 9
+57 12
+4 18
-4 9
+12 6
cfi=(330) ./posix/./posix/register-atfork.c
cfn=(1360) __unregister_atfork
calls=3 -38 
* 54
+1 12
+1 24

fl=(330)
fn=(1360)
82 9
+1 6
-1 6
+1 6
fi=(331) ./posix/../malloc/dynarray-skeleton.c
243 3
fe=(330)
71 6
+38 12
+1 6

fl=(141)
fn=(450)
31 1
fi=(101) ./wcsmbs/../sysdeps/x86_64/multiarch/ifunc-wcs.h
+8 2
+1 4
+1 3
+4 2
+3 4
fe=(141)
-17 2

fl=(155)
fn=(504)
55 2
+1 1
-1 2
+1 1
-1 1
+1 4
cob=(3)
cfi=(156)
cfn=(506) 0x00000000048f8710
calls=1 -56 
* 20
+2 4
cob=(3)
cfi=(156)
cfn=(506)
calls=1 -58 
* 19
+2 4
cob=(3)
cfi=(156)
cfn=(506)
calls=1 -60 
* 20
+2 6

fl=(137)
fn=(440)
29 2
fi=(103) ./string/../sysdeps/x86_64/multiarch/ifunc-memmove.h
+27 6
+1 4
+3 6
+14 4
+3 4
+8 4
+8 4
+3 10
fe=(137)

fl=(185) ./posix/../sysdeps/unix/sysv/linux/x86/sysconf.c
fn=(624) sysconf
32 8
+1 5
fi=(186) ./posix/../sysdeps/unix/sysv/linux/x86/../sysconf.c
+16 10
fi=(187) ./posix/../sysdeps/posix/sysconf.c
+11 6
fe=(185)
-23 9
fi=(187)
+23 6
221 1
cfi=(188) ./misc/../sysdeps/unix/sysv/linux/getpagesize.c
cfn=(630) getpagesize
calls=1 27 
* 6
* 2
60 2
fe=(185)

fl=(218) ./stdlib/../stdlib/strtol_l.c
fn=(750) ____strtoul_l_internal
238 258
+54 86
-54 86
+19 86
-19 602
+26 172
+31 516
546 774
304 172
-3 86
+3 516
+2 172
+5 172
-1 86
+6 172
+4 172
+15 60
+60 30
+56 150
-61 60
+3 30
+96 30
-99 30
+1 30
+86 30
-86 30
+87 30
-87 30
+3 60
-4 112
+3 56
+96 56
-99 56
+1 56
+86 56
-86 56
+87 56
-87 56
+3 112
+90 728
+5 728
+1 2184
-41 1456
+2 2740
+2 2184
+7 162
+17 162
+1 162
+3 2184
+3 1456
+11 172
+5 258
+1 86
+23 430
-11 172
342 60
+48 30
258 30
387 60
-65 392
+5 112
+60 112
+8 112
-63 280

fl=(256) ./dirent/../sysdeps/unix/sysv/linux/getdents64.c
fn=(876) getdents64
27 2
+3 6
+2 8
+1 2

fl=(200)
fn=(676)
28 12
+3 18
+8 14
+2 10

fl=(107)
fn=(356)
29 1
fi=(108) ./debug/../sysdeps/x86_64/multiarch/ifunc-memset.h
+32 5
+3 3
+16 2
+4 4
+8 2
fe=(107)
-63 1
fi=(108)
+71 2
-48 1
+1 2
fe=(107)

fl=(315) ./io/../sysdeps/unix/sysv/linux/write.c
fn=(1260) write
25 4
+1 8
-1 2
+1 6
cfi=(178)
cfn=(608)
calls=2 +48 
* 34
+1 4

fl=(123)
fn=(396)
31 1
fi=(88)
+7 3
+2 4
+1 2
+1 3
+4 4
+3 3
+3 5
fe=(123)

fl=(191) ./nptl/./nptl/pthread_attr_init.c
fn=(636) pthread_attr_init@@GLIBC_2.2.5
32 2
fi=(192) ./nptl/../string/bits/string_fortified.h
+27 1
fe=(191)
-27 4
fi=(192)
+27 4
fe=(191)
-13 1
cfi=(188)
cfn=(630)
calls=1 -19 
* 6
* 2
+3 4

fl=(235) ./misc/../sysdeps/unix/sysv/linux/mmap64.c
fn=(822) mmap
47 2
+3 4
-3 12
+6 4
+5 12
+2 8
-7 10

fl=(106)
fn=(354)
65 1
-23 2
+2 1
-1 4
+1 2
+4 4
+3 3
+3 3
+11 1

fl=(213)
fn=(736)
36 430
+4 86
+1 86
cob=(3)
cfi=(156)
cfn=(738) 0x00000000048f84f0
calls=43 -41 
* 1280
* 43
+5 215
cfi=(197)
cfn=(700)
calls=43 355 
* 817
+5 86
-3 43
+3 129
-2 43
+1 43
+3 43
+1 43
+1 43
+9 43
+1 258

fl=(189) ./nptl/./nptl/pthread_self.c
fn=(632) pthread_self
23 1
+2 2

fl=(226) ./nptl/./nptl/pthread_attr_setaffinity.c
fn=(796) pthread_attr_setaffinity_np@@GLIBC_2.32
29 6
+5 4
+28 1
+1 5
-18 1
cfi=(227) ./nptl/./nptl/pthread_attr_extension.c
cfn=(798) __pthread_attr_extension
calls=1 -20 
* 329
+1 2
+3 4
+2 1
-2 1
+2 1
cob=(3)
cfi=(156)
cfn=(712)
calls=1 -51 
* 199
* 1
+1 2
+3 1
+1 2
-1 1
+1 1
fi=(192)
-27 3
cob=(3)
cfi=(156)
cfn=(720)
calls=1 -29 
* 14
* 1
fe=(226)

fl=(183) ./signal/../sysdeps/unix/sysv/linux/libc_sigaction.c
fn=(620) __libc_sigaction
43 40
+5 10
fi=(184) ./signal/../string/bits/string_fortified.h
-19 3
fe=(183)
+21 3
+8 3
fi=(184)
-29 6
fe=(183)
+21 3
+3 3
fi=(184)
-24 6
fe=(183)
+24 3
+5 3
fi=(184)
-29 6
fe=(183)
+29 3
-5 6
fi=(184)
-24 6
fe=(183)
+24 3
fi=(184)
-24 18
fe=(183)
+29 3
fi=(184)
-29 3
fe=(183)
+29 30
+5 16
fi=(184)
-34 3
fe=(183)
+36 3
fi=(184)
-36 6
fe=(183)
+36 3
+2 3
fi=(184)
-38 6
fe=(183)
+38 3
+1 3
fi=(184)
-39 6
fe=(183)
+39 3
fi=(184)
-39 27
fe=(183)
+42 30
-13 6

fl=(232) ./signal/../sysdeps/unix/syscall-template.S
fn=(816) sigaltstack
120 15
+2 3

fl=(100)
fn=(342)
31 1
fi=(101)
+8 2
+1 4
+1 3
+4 2
+3 4
fe=(100)
-17 2

fl=(157)
fn=(508)
238 7
+3 6
+37 5

fl=(228) ./nptl/./nptl/pthread_attr_getstack.c
fn=(808) pthread_attr_getstack@@GLIBC_2.34
24 1
+7 1
-7 1
+7 3
+7 1
-3 1
+3 1

fl=(91)
fn=(318)
30 1
fi=(92) ./wcsmbs/../sysdeps/x86_64/multiarch/ifunc-wcslen.h
+10 1
+1 4
+1 3
+4 4
+3 3
+3 3
fe=(91)
-22 1

fl=(190) ./nptl/./nptl/pthread_getattr_np.c
fn=(634) pthread_getattr_np@@GLIBC_2.32
33 5
+4 1
-4 8
+4 1
cfi=(191)
cfn=(636)
calls=1 -5 
* 24
* 1
+1 2
+5 7
fi=(192)
-14 2
fe=(190)
+20 2
+3 2
+3 3
+4 2
+3 3
+50 5
+66 1
+2 4
cob=(3)
cfi=(156)
cfn=(712)
calls=1 0 
* 214
* 1
+1 2
+7 4
cfi=(224) ./nptl/./nptl/pthread_getaffinity.c
cfn=(790) pthread_getaffinity_np@@GLIBC_2.32
calls=1 30 
* 34
+3 2
+2 5
+14 12
-13 6
cfi=(226)
cfn=(796)
calls=1 29 
* 580
+4 1
-4 1
+4 1
cob=(3)
cfi=(156)
cfn=(754)
calls=1 0 
* 35
+3 6
+2 2
85 4
cfi=(193) ./libio/./libio/iofopen.c
cfn=(640) fopen@@GLIBC_2.2.5
calls=1 * 
* 834
+1 2
-1 1
+1 1
+5 4
cfi=(153)
cfn=(500)
calls=1 -53 
* 10
* 3
+74 4
cfi=(221) ./libio/./libio/iofclose.c
cfn=(762) fclose@@GLIBC_2.2.5
calls=1 34 
* 468
* 2
+4 1
+2 2
-68 1
+5 1
-5 1
-1 2
+6 3
+6 1
+1 1
+5 9
+7 258
cfi=(211)
cfn=(732)
calls=43 24 
* 81438
* 86
+2 86
+1 43
-1 86
+1 86
+28 42
-38 84
+2 172
cfi=(203) ./stdio-common/./stdio-common/getline.c
cfn=(684) getline
calls=43 -95 
* 8071
* 86
+40 4
cob=(3)
cfi=(156)
cfn=(754)
calls=1 0 
* 342
* 3
-59 9
+2 1
+30 1
-2 1
+12 1
-10 3
+6 1
+3 2
-4 2

fl=(293) ./io/../sysdeps/unix/sysv/linux/statx.c
fn=(1086) statx
27 636
+1 1590
+4 636
+6 636

fl=(111)
fn=(378)
31 1
fi=(116)
+5 1
+1 4
fi=(117) ./string/../sysdeps/x86_64/multiarch/strcasecmp.c
-6 2
fi=(116)
+7 3
+4 4
+3 3
+3 4
fe=(111)

fn=(368)
31 1
fi=(112) ./string/../sysdeps/x86_64/multiarch/ifunc-strncpy.h
+4 5
+1 3
+4 4
+3 3
+3 5
fe=(111)

fl=(299) ./misc/../sysdeps/unix/sysv/linux/setvmaname.c
fn=(1134) __set_vma_name
60 4
-26 10
+36 6
-33 6
cob=(3)
cfi=(156)
cfn=(506)
calls=1 -37 
* 20
* 6
+5 1
+1 1

fl=(163)
fn=(546)
46 5
+5 2
+4 5
+8 1
-2 1
+10 1
-9 1
+1 1
+9 1
-1 1
cfi=(164) ./misc/./misc/init-misc.c
cfn=(548) __init_misc
calls=1 -41 
* 50

fl=(207)
fn=(706)
25 5
+1 20
+1 5

fl=(90)
fn=(316)
79 1
-32 1
+1 1
+1 1
-1 3
+1 2
+4 4
+3 3
+3 3
+20 1

fl=(104)
fn=(350)
31 2
fi=(105) ./wcsmbs/../sysdeps/x86_64/multiarch/ifunc-avx2.h
+7 6
+2 8
+1 4
+1 6
+4 8
+3 6
+3 10
fe=(104)

fl=(113)
fn=(372)
31 2
fi=(114) ./wcsmbs/../sysdeps/x86_64/multiarch/ifunc-evex.h
+6 6
+1 8
+1 6
+4 4
+8 6
+3 8
fe=(113)
-23 2

fl=(193)
fn=(640)
85 7
-20 1
+20 2
-20 1
cob=(3)
cfi=(156)
cfn=(642)
calls=1 -65 
* 374
+2 3
+3 1
+2 2
-2 1
+2 5
cfi=(197)
cfn=(660)
calls=1 589 
* 58
+1 1
+1 1
-1 1
+1 1
cfi=(198)
cfn=(664)
calls=1 +33 
* 114
+1 5
cfi=(198)
cfn=(672)
calls=1 247 
* 245
* 2
-38 2
+50 7

fl=(222)
fn=(774)
28 320
+12 1280
+2 320

fl=(201)
fn=(678)
77 9
+5 1
-5 4
+5 2
+2 4
cob=(3)
cfi=(156)
cfn=(680) 0x00000000048f8670
calls=1 -84 
* 23
* 1
+1 2
-40 1
161 12

fl=(225) ./string/../sysdeps/x86_64/multiarch/memset-vec-unaligned-erms.S
fn=(794) __memset_avx2_unaligned_erms
198 2
+1 4
+5 2
+1 2
+1 1
+1 1
+1 1
+21 1
+1 1
+6 1
+1 1
+12 1
+3 1
+1 1
+12 1
+1 1
+13 1
+1 1
+2 1
+18 1
+1 1
+1 1
+1 1
+3 2
+35 1
+9 1
+1 1
+31 1
+1 1
+1 1

fl=(171)
fn=(576)
67 7
-26 2
+2 8
+1 2
cfn=(578) __new_exitfn
calls=1 +36 
* 30
+2 2
+6 1
+5 1
-3 1
+1 1
-3 1
+4 1
-4 1
+1 1
+4 4
+1 1
+11 6

fn=(578)
80 1
+6 2
-6 4
+11 1
-10 1
+10 4
+2 4
-2 1
+10 1
-10 3
+45 1
+5 1
-4 1
+4 2
-18 1
-1 1
+12 1

fl=(142)
fn=(454)
33 1
fi=(103)
+23 3
+1 2
+3 3
+14 2
+3 2
+8 2
+8 2
+3 5
fe=(142)

fl=(188)
fn=(630)
27 2
+1 8
+2 2

fl=(290) ./io/../sysdeps/unix/sysv/linux/open64.c
fn=(1068) open
30 2862
+3 2226
+8 2544
cfi=(178)
cfn=(608)
calls=318 +33 
* 5406
+2 1590

fl=(95)
fn=(326)
29 1
fi=(92)
+11 1
+1 4
+1 3
+4 4
+3 3
+3 3
fe=(95)
-23 1

fl=(110)
fn=(364)
30 1
fi=(105)
+8 3
+2 4
+1 2
+1 3
+4 4
+3 3
+3 5
fe=(110)

fl=(140)
fn=(448)
29 1
fi=(338)
+7 5
fe=(140)
-7 1

fl=(199) ./nptl/./nptl/libc-cleanup.c
fn=(668) __libc_cleanup_push_defer
24 47
+1 47
+2 94
+2 94
+3 94
+14 141
+2 47
+1 47

fn=(670) __libc_cleanup_pop_restore
54 47
+1 47
+2 94
+2 94
+1 141
+11 47

fl=(223)
fn=(780)
25 2
+1 8
+1 2

fl=(244) ./csu/./csu/errno-loc.c
fn=(842) __errno_location
25 322
+1 644
+1 322

fl=(205) ./libio/./libio/filedoalloc.c
fn=(694) _IO_file_doallocate
68 6
+6 1
-6 3
+6 3
fi=(210)
1037 3
+1 2
fe=(205)
74 3
cfi=(198)
cfn=(696)
calls=1 1207 
* 9
* 2
+2 4
+11 4
+4 2
cob=(3)
cfi=(156)
cfn=(642)
calls=1 -91 
* 154
+1 2
+2 5
cfi=(197)
cfn=(700)
calls=1 355 
* 19
+1 1
+1 8

fl=(167)
fn=(556)
64 1
+3 3
-1 2
+3 1
-1 1
-1 3
+2 2
-1 2
-1 6
+3 1

fl=(115)
fn=(376)
67 1
-24 1
+1 4
+23 2
-22 3
+4 4
+3 3
+3 4

fl=(182) ./signal/./signal/sigaction.c
fn=(616) sigaction
27 20
+1 25
fi=(180) ./signal/../sysdeps/unix/sysv/linux/internal-signals.h
+25 5
fe=(182)
-25 10
+8 10
+3 15
+6 5
-6 5
cfi=(183)
cfn=(620)
calls=5 +4 
* 279

fl=(215)
fn=(742)
287 258
fi=(219) ./stdio-common/../include/scratch_buffer.h
77 43
fe=(215)
287 301
+10 215
+1 43
fi=(219)
77 43
fe=(215)
348 43
-50 43
+50 86
fi=(219)
78 43
fe=(215)
348 43
+6 129
+3 258
+4 43
+20 43
-20 43
+7 86
+6 43
+2 86
+5 43
-5 43
+5 43
-5 43
+5 129
cfi=(199)
cfn=(668)
calls=43 24 
* 559
* 215
+9 43
fi=(341) ./stdio-common/../string/bits/string_fortified.h
59 43
fe=(215)
390 129
-97 43
-1 43
+10 43
-10 43
-1 43
+46 43
-1 43
-1 43
-1 43
-12 43
-30 172
428 258
+24 258
+1 258
+3 215
+7 430
+8 86
+8 129
-27 86
-62 516
3175 172
498 86
232 86
-1 86
+1 86
-1 86
498 172
231 172
498 172
354 86
492 86
fi=(216) ./stdio-common/./stdio-common/printf-parse.h
55 516
fe=(215)
514 258
fi=(216)
55 86
fe=(215)
539 86
+3 860
669 172
+4 172
+1 430
3185 301
cfi=(199)
cfn=(670)
calls=43 54 
* 430
fi=(219)
85 129
fe=(215)
3189 86
+17 86
+6 516
678 258
+1 86
+6 1118
+3 172
-3 86
+3 172
-3 258
555 258
+8 86
-21 172
1036 430
689 86
+1 258
+4 258
-5 86
+1 86
-1 86
+1 86
cfi=(197)
cfn=(746) _IO_sputbackc
calls=86 -28 
* 1978
+4 860
1462 602
+5 86
-5 86
+5 258
+9 284
+5 224
+1 448
+2 112
+1 336
+13 112
+16 112
1835 172
+9 86
fi=(219)
113 516
fe=(215)
1844 172
fi=(219)
113 172
fe=(215)
1837 172
269 672
1899 672
269 1344
+3 672
1901 1344
272 672
1901 672
272 672
1901 672
+2 4704
-68 2016
+2 1344
+2 4392
240 86
1906 172
215 86
1913 172
223 86
1914 172
+28 774
cfi=(197)
cfn=(746)
calls=86 662 
* 1978
* 344
269 258
+3 258
1946 172
1764 172
1964 172
215 86
1764 172
1963 172
+30 774
+9 344
694 172
1520 60
269 224
+3 168
1523 172
1835 602
1967 86
cfi=(217) ./stdlib/../stdlib/strtol.c
cfn=(748) __strtoul_internal
calls=86 107 
* 22282
* 86
+3 258
+3 258
+19 172
+1 258

fl=(324) ./stdlib/./stdlib/cxa_thread_atexit_impl.c
fn=(1340) __call_tls_dtors
148 4
+1 1
-1 1
+1 3
+16 4

fl=(176)
fn=(602)
28 1
+2 2
-1 1
+5 2

fl=(197)
fn=(702)
190 20
+1 15
+3 15
+4 10
+1 10
+7 5
-4 5
+4 5
-2 10
+3 5
+1 10

fn=(764)
67 2
+1 4
+36 2
cfn=(766) __GI__IO_un_link.part.0
calls=1 -38 
* 83

fn=(662) _IO_old_init
557 44
+3 88
+5 88
-7 44
+12 44
-10 44
-2 44
+2 44
+16 44
-11 44
-5 44
+16 88
+5 44
-16 220
+16 88
+1 2
+2 44

fn=(786)
628 6
+2 3
+6 3
+3 3
68 2
651 3

fn=(1424) _IO_cleanup
882 11
+1 1
cfn=(1426) _IO_flush_all
calls=1 713 
* 204
-73 2
+73 1
-73 3
cfi=(199)
cfn=(668)
calls=1 24 
* 13
+1 6
fi=(210)
1037 2
fe=(197)
832 9
+2 6
+20 3
+2 36
+1 3
-43 9
+4 3
+1 27
+8 6
+2 9
+32 2
+1 2
cfi=(199)
cfn=(670)
calls=1 54 
* 10
+33 11
-76 9
-8 1
+3 1
-3 1
+3 2
+47 6

fn=(692)
369 1
+1 2
+2 4
-3 1
fi=(210)
1037 1
fe=(197)
369 2
+4 1
fi=(210)
1037 2
+1 2
fe=(197)
373 3
cfi=(205)
cfn=(694)
calls=1 68 
* 231
* 2
+3 2

fn=(746)
662 1032
+3 1032
+10 344
+3 516
-12 344
+2 344
+1 172
+5 172

fn=(776)
977 1
+2 2
+5 2
+2 1

fn=(1426)
713 5
+5 1
-5 6
+5 4
cfi=(199)
cfn=(668)
calls=1 24 
* 13
+1 6
-5 1
fi=(210)
1037 2
fe=(197)
742 39
+1 3
-21 9
+2 3
+1 27
+2 18
+7 9
+1 12
+12 2
+1 2
cfi=(199)
cfn=(670)
calls=1 54 
* 10
+4 11
-27 9
-6 1
+3 1
-8 1
+5 1
+3 2
+25 6

fn=(666)
109 8
+1 10
+24 10
-22 1
+2 1
-2 2
+2 6
cfi=(199)
cfn=(668)
calls=1 -90 
* 13
+1 9
+4 1
+3 2
-3 1
+4 2
+1 2
+2 1
+2 10
+1 1
+1 1
-2 1
+2 5
+1 2
cfi=(199)
cfn=(670)
calls=1 -77 
* 10
+3 1
-19 2
+1 1
+1 9
+11 2
-11 1

fn=(688)
295 5
+1 16
-1 5
+6 3
-6 20
+6 12
+3 5
199 5
304 10
+2 10
+6 10
+7 5
fi=(210)
1037 15
+1 10
fe=(197)
319 10
+1 10
-1 5
cfi=(198)
cfn=(690)
calls=5 496 
* 691
-23 8
+21 10

fn=(766)
66 1
+6 1
-6 7
+6 4
cfi=(199)
cfn=(668)
calls=1 -48 
* 13
+1 6
+2 1
-1 1
+1 2
+6 1
+1 1
+1 1
+1 2
+1 1
+11 4
+2 3
+2 2
+1 2
cfi=(199)
cfn=(670)
calls=1 -47 
* 10
+3 8
-27 2
+22 1
+1 6
-27 3

fn=(660)
589 484
+1 44
cfn=(662)
calls=44 -33 
* 1058
+1 44
+1 88
+2 1
+4 1
+7 1
+2 1
-9 5
+15 1
+1 1
+1 6
-2 43
+1 43
+1 258
-3 86

fn=(700)
355 225
+1 182
+3 45
+2 180
-3 45
+3 90
+3 94
-7 1
cob=(3)
cfi=(156)
cfn=(754)
calls=1 0 
* 35
+4 6

fl=(323) ./stdlib/./stdlib/exit.c
fn=(1338) __run_exit_handlers
45 12
+2 9
+3 2
+3 7
+11 1
+2 2
+8 3
+2 1
+1 1
-1 1
+3 7
+44 3
-49 3
+55 2
+1 2
+6 1
-66 1
+66 3
+2 2
+3 2
cfi=(332)
cfn=(1430)
calls=1 27 
* 3
-29 1
+1 1
-2 1
+3 1
+3 1
-3 2
+3 3
+1 3
cob=(1)
cfi=(325)
cfn=(1342)
calls=1 -92 
* 1223
+1 4
-68 1
cfi=(324)
cfn=(1340)
calls=1 +97 
* 13
* 1
+88 1
cfi=(197)
cfn=(1424)
calls=1 882 
* 399
* 1

fn=(1336) exit
147 2
+1 3
-1 1
+1 1
cfn=(1338)
calls=1 45 
* 1724

fl=(109)
fn=(360)
28 1
fi=(88)
+10 3
+2 4
+1 2
+1 3
+4 4
+3 3
+3 5
fe=(109)

fl=(164)
fn=(548)
30 1
+1 5
-1 1
+3 1
-3 3
+3 3
cob=(3)
cfi=(156)
cfn=(550) 0x00000000048f8650
calls=1 -33 
* 24
+4 1
+1 1
-1 5
+1 3
+2 2

fl=(102)
fn=(346)
29 2
fi=(103)
+27 6
+1 4
+3 6
+14 4
+3 4
+8 4
+8 4
+3 10
fe=(102)

fl=(159) ./malloc/./malloc/malloc.c
fn=(728) _int_free_maybe_trim
4528 9548
+3 1736
+2 4
+3 5
+14 9537
-13 4
+13 7
-13 1
cfn=(1280) systrim.constprop.0
calls=1 2743 
* 149

fn=(644) malloc
3283 967
1269 1934
+19 967
3287 967
1288 2704
3287 1540
+2 2298
+2 1532
+2 5778
3030 644
+4 1288
+4 322
+1 322
3294 322
-7 394
+19 645
cfn=(646) __libc_malloc2
calls=645 -59 
* 93721
-17 394

fn=(646)
3247 3876
+4 1292
+28 3230
-26 1938
cfn=(648) _int_malloc
calls=646 3790 
* 79003
+1 3230
fi=(158)
151 1290
fe=(159)

fn=(714) realloc
3380 670
+7 670
-7 2997
+11 666
4837 333
+1 333
-1 333
+1 333
-1 666
+2 999
3425 333
-22 333
+22 1665
+4 666
1288 1998
3436 666
fi=(158)
151 999
fe=(159)
3469 666
4840 333
3411 666
+90 2997
-30 1332
cfn=(718) _int_realloc
calls=333 4559 
* 103721
* 333
+1 1665
fi=(158)
151 999
fe=(159)
3472 666
-84 4
cfn=(644)
calls=2 3283 
* 397

fn=(718)
4559 1332
+11 3996
+8 666
+2 333
+1 999
+1 1332
+4 666
+14 23
+53 46
-53 46
+57 23
-57 23
+57 46
-2 46
+19 23
+1 1332
-79 666
+12 560
+12 1799
cfn=(648)
calls=257 3790 
* 39163
* 257
+1 514
+3 257
+6 771
+36 23
-4 23
+3 23
+5 23
-4 23
-1 23
+5 23
-4 23
+4 23
-1 23
+1 69
cfn=(724) _int_free_chunk
calls=23 4351 
* 2619
* 23
-60 88
-1 176
+5 138
cfn=(788) unlink_chunk.isra.0
calls=23 1592 
* 476
+44 115
-48 46
+28 257
fi=(220) ./malloc/../string/bits/string_fortified.h
29 257
fe=(159)
4637 257
fi=(220)
29 514
fe=(159)
4638 514
fi=(220)
29 257
cob=(3)
cfi=(156)
cfn=(720)
calls=257 -29 
* 8191
fe=(159)
4642 1542
cfn=(724)
calls=257 4351 
* 31459
+2 514
-47 53
+1 53
-2 106
+4 212
+2 53
-2 53
+2 53
-2 212
+1 106
+1 53
+2 106

fn=(756) free
3319 967
+3 1934
+15 1934
-4 2901
+8 2901
+6 2883
+6 961
-3 1922
+3 961
-3 961
+1 1922
+2 2883
3007 377
+8 377
-12 377
+4 1131
+1 377
+7 377
3354 377
+10 1752
-34 589
+40 1178
fi=(158)
151 1767
fe=(159)
3374 1767
cfn=(724)
calls=589 4351 
* 83027
-9 1
cfn=(758) tcache_free_init
calls=1 -53 
* 312

fn=(757) free'2
3319 1
+3 2
+15 2
-4 3
+8 3
+6 3
+6 1
-3 2
+3 1
-3 1
+1 2
+2 3
3007 1
+8 1
-12 1
+4 3
+1 1
+7 1
3354 1

fn=(804) __libc_calloc2
3645 8
+7 2
+10 1
+1 3
+21 3
cfn=(648)
calls=1 3790 
* 199
* 1
+2 6
+40 1
-12 1
+12 2
+3 5
+4 1
fi=(342) ./malloc/../sysdeps/generic/calloc-clear-memory.h
25 2
+2 2
fe=(159)
3686 1
fi=(158)
151 2
fe=(159)
3686 3
+3 3
+46 1
fi=(220)
59 2
fe=(159)
3735 5
fi=(220)
59 1
cob=(3)
cfi=(156)
cfn=(792) 0x00000000048f8730
calls=1 -59 
* 28
fe=(159)

fn=(648)
3790 7232
+32 1808
1288 5227
3831 1414
+16 1414
+54 60
+18 731
-1 731
+12 1462
-11 1462
-1 2193
+12 1462
-6 430
+5 430
-7 430
+2 860
+9 860
+3 860
-3 6
+3 6
+1 1299
-3 433
+5 433
+1 1732
+2 1732
-10 433
+12 866
+1 866
+2 866
+11 1720
+29 25
+1 25
+4 50
+31 50
+8 148
+1 12
+1 12
-1 12
+4 24
-4 13
+1 13
-1 13
+4 26
+50 198
+9 99
-9 396
+1 99
+1 99
+1 99
+1 99
+6 198
3053 5
-27 5
+27 5
-27 5
+4 10
+4 20
+4 5
+1 5
4113 5
3831 788
1288 197
3850 197
+2 197
-2 197
+2 394
-2 695
+2 695
-2 695
+2 1390
+2 173
+1 346
+2 173
+1 173
+1 173
+2 692
+6 519
+1 346
2919 346
3872 519
+4 1384
+1 346
3047 346
1888 173
3893 173
1888 346
4340 8136
3901 781
-52 4170
4105 297
3930 312
4111 404
+13 397
-2 794
+2 24
+3 12
-3 12
+3 24
4277 44
+3 176
+2 66
+1 22
1888 22
4286 22
1888 44
4280 720
+2 270
+1 90
1888 90
4286 90
1888 193
4286 13
1888 26
3994 5
+1 5
-1 5
+1 10
2919 10
3998 15
+4 10
+1 15
3003 5
3981 5
3015 5
4006 5
3003 5
+4 20
+1 5
+7 5
4007 5
+24 142
+52 25
-51 25
+51 75
3959 848
+2 408
-1 816
+27 79
+1 79
+4 158
+31 370
+2 148
+1 222
+1 74
-1 74
+1 74
+4 15
4195 397
+1 397
+1 397
-1 397
+1 397
+1 794
+1 1191
+5 1631
+16 841
+2 1682
-4 2020
+8 169
+3 338
+2 44
+1 44
+1 44
-2 176
-27 44
+4 924
+3 1200
-3 846
+3 1116
-3 804
+3 1056
-3 514
4308 544
+1 816
+2 544
+3 1088
+5 269
-2 269
+2 538
-2 269
+7 269
-8 269
+3 269
+2 269
-3 269
+1 1076
+2 269
1888 807
2324 3
+12 3
-12 6
+12 3
+1 3
+3 4
+8 7
cfn=(1132) sysmalloc_mmap
calls=1 2244 
* 140
* 1
+1 2
4336 9
cfn=(656) alloc_perturb
calls=3 1887 
* 15
* 3
4208 36
+5 144
+1 72
+24 250
+3 250
+2 125
+3 250
-3 500
+3 125
cfn=(788)
calls=125 1592 
* 2651
+3 750
+15 112
+1 224
+3 224
-9 112
+9 224
+1 112
+1 112
+3 224
+1 108
+1 246
2325 2
+36 8
+1 2
-1 2
+1 2
+9 14
+6 3
+3 8
2698 6
+1 2
+4 2
+1 4
+3 4
+5 4
-2 2
+2 2
-3 2
+2 2
+4 2
-3 2
+1 2
-1 6
+1 2
4335 2
-83 13
-1 13
+1 26
2441 4
+8 4
+1 2
+10 4
+7 8
+8 4
+57 4
+40 1
-12 1
+12 2
+19 1
+4 1
-1 2
+1 6
+2 2
+1 4
cfi=(194) ./malloc/./malloc/morecore.c
cfn=(650) __glibc_morecore
calls=1 25 
* 26
+12 3
-12 1
+12 1
1912 2
2650 1
+3 1
-1 1
+1 4
+12 1
-11 1
+11 2
3965 329
-1 658
+3 329
-1 329
+1 658
+1 987
+1 658
+2 508
+4 254
+6 254
-6 1778
+2 762
+5 254
-4 254
+4 508
cfn=(656)
calls=254 1887 
* 1270
-7 75
+6 75
-6 525
+2 225
+5 75
-4 75
+4 150
cfn=(656)
calls=75 1887 
* 375
+1 329
2477 8
cfi=(194)
cfn=(650)
calls=2 25 
* 106
+1 6
-1 2
+1 2
1912 4
2480 2
+3 4
+38 7
+2 2
+6 1
-6 1
+6 3
-6 2
+6 1
-6 1
+6 5
+1 6
-8 2
1921 2

fn=(724)
4351 3476
+8 869
-3 869
+3 869
-3 1738
+6 1736
+6 868
cfn=(726) _int_free_merge_chunk
calls=868 +39 
* 102283
+5 1736
+27 2604
-14 3
+10 2
cfn=(1282) munmap_chunk
calls=1 2799 
* 37
-23 2
+27 3
-12 4
+2 1
+1 1
-1 1
+1 1
+1 2

fn=(788)
1592 785
+2 2355
-2 785
+2 1570
+3 785
+3 1570
-2 785
+2 1570
+3 785
+1 785
+1 2770
+2 50
+1 75
+3 50
+14 25
+1 25
+3 1570

fn=(758)
3312 1
2941 1
3312 2
2941 1
3312 2
2941 1
3210 2
+8 2
cfn=(646)
calls=1 +29 
* 138
* 3
+2 2
fi=(220)
59 104
fe=(159)
3228 2
+1 13
+85 1
+1 3
-1 1
cfn=(757)
calls=1 +5 
* 33

fn=(656)
1887 332
+1 996
+2 332

fn=(802) calloc
3739 1
+3 4
1269 2
+19 1
3751 1
1288 3
3751 2
+2 3
+2 2
+25 2
cfn=(804)
calls=1 3645 
* 283
-23 6

fn=(1132)
2244 1
+4 4
-4 3
+4 1
-4 1
+2 2
+2 1
-4 1
+2 1
+2 1
-4 1
+4 1
cfi=(235)
cfn=(822)
calls=1 47 
* 26
* 1
+3 2
+2 2
1448 1
+1 1
2261 1
1449 2
2261 3
+1 5
+3 3
+1 5
+4 1
+1 7
1912 2
2256 4
cfi=(299)
cfn=(1134)
calls=1 60 
* 54
1448 2

fn=(1280)
2743 3
+2 1
+1 2
+4 1
+1 1
-1 2
+3 4
+2 2
-21 1
+28 1
-28 2
+28 3
cfi=(194)
cfn=(650)
calls=1 25 
* 26
* 1
+1 4
+12 4
cfi=(194)
cfn=(650)
calls=1 25 
* 47
+1 2
cfi=(194)
cfn=(650)
calls=1 25 
* 26
+2 2
+2 2
+4 4
+4 2
-1 1
+1 2
+2 1
+5 2

fn=(726)
4407 6944
+7 4340
-6 868
+9 2604
+5 2604
+4 1736
-1 1736
+1 1736
1895 2604
4433 1736
+2 553
+2 553
+1 2212
+2 553
-4 553
+4 553
cfn=(788)
calls=553 1592 
* 11587
+18 1736
+6 1734
+4 783
+4 1734
+9 387
-1 387
+2 774
+2 1161
+7 960
+1 1920
+1 480
+2 960
+3 2880
+4 480
-1 480
+2 480
+1 480
+2 1440
+1 480
-61 480
-1 960
+1 2880
-1 480
cfn=(728)
calls=480 +83 
* 11520
+57 387
-1 387
+2 387
+1 387
+2 1161
+1 387
-61 387
-1 774
+1 2322
-1 387
cfn=(728)
calls=387 +83 
* 9288
+1 1
-1 2
+1 6
-1 1
cfn=(728)
calls=1 +83 
* 183
+70 1
+1 3
+1 2
-52 84
+1 84
-1 84
cfn=(788)
calls=84 1592 
* 1626
+1 84
-49 4340

fn=(1282)
2799 1
+3 1
-3 1
+3 2
1426 1
+7 1
+7 1
2804 1
1426 1
+7 1
+7 1
2800 1
1440 1
2812 4
+1 1
-1 1
+1 4
+3 1
+1 3
+6 1
-1 2
cfi=(236) ./misc/../sysdeps/unix/syscall-template.S
cfn=(1284) munmap
calls=1 117 
* 6

fl=(224)
fn=(790)
30 2
+3 6
+2 2
-5 1
+9 1
fi=(192)
+20 1
fe=(224)
-20 2
fi=(192)
+20 1
fe=(224)
-29 1
fi=(192)
+29 1
cob=(3)
cfi=(156)
cfn=(792)
calls=1 -59 
* 13
fe=(224)
-18 1
+1 2

fl=(130)
fn=(416)
31 1
fi=(101)
+8 2
+1 4
+1 3
+4 2
+3 4
fe=(130)
-17 2

fl=(255) ./dirent/../sysdeps/unix/sysv/linux/readdir64.c
fn=(874) readdir
70 963
+1 963
-1 963
+1 642
-35 321
+24 321
-24 642
+25 960
+1 640
+11 1284
+2 1284
-32 8
-9 4
+9 6
cfi=(256)
cfn=(876)
calls=2 -16 
* 18
+1 10
+10 3
-4 1
+1 1
+1 1
-1 2

fl=(119)
fn=(386)
60 1
-18 2
+1 4
+1 3
+3 3
+3 3
+10 1

fl=(173)
fn=(596)
30 6
+15 4
cfi=(174) ./setjmp/../sysdeps/x86_64/bsd-_setjmp.S
cfn=(598) _setjmp
calls=1 -17 
* 31
* 1
+2 2
+5 2
+1 2
+3 2
+3 5
cob=(6)
cfi=(169)
cfn=(604) main
calls=1 -59 
* 21232024
+24 2
cfi=(323)
cfn=(1336)
calls=1 +64 
* 1731

fl=(178)
fn=(608)
74 6370
-37 2548
+1 2548
+2 3822
+39 2548
+1 3822

fl=(233) ./misc/./misc/getauxval.c
fn=(818) getauxval
56 2
-24 2
-2 4
+5 4
+7 184
+1 88
+19 4
+1 2
+1 2

fl=(326)
fn=(1344)
71 1
+3 1
+2 1
+2 3
-7 3
+10 1
+2 2
+75 1
+2 1
+3 1
-59 1
+62 2
-76 2
+5 2
-51 1
+1 7
+1 3
+64 3
+1 2

fl=(89)
fn=(314)
29 1
fi=(338)
+7 5
fe=(89)
-7 1

fl=(138)
fn=(444)
29 1
fi=(139) ./string/../sysdeps/x86_64/multiarch/ifunc-evex.h
+8 3
+1 4
+1 3
+4 2
+8 3
+3 4
fe=(138)
-25 1

fl=(194)
fn=(650)
25 6
+1 12
-1 12
+4 6
cfi=(195) ./misc/./misc/sbrk.c
cfn=(652) sbrk
calls=6 +8 
* 171
+1 12
+4 12

fl=(160) ???
fn=(514) __popcountdi2
0 21

fl=(214) ./string/../sysdeps/x86_64/multiarch/strlen-avx2.S
fn=(740) __strlen_avx2
52 363
+13 363
+1 363
+1 363
+3 363
+2 363
+1 363
+3 360
+1 360
+8 360
+1 360
+1 166
+5 332
+26 136
+13 136
+1 136
+1 136
+6 272
+4 32
+13 32
+1 32
+1 32
+6 64
+4 25
+13 25
+1 25
+1 25
+6 50
+4 4
+13 4
+1 4
+1 4
+6 8
+7 194
+15 194
+6 194
+1 194
+1 194
-8 3
+6 3
+1 3
+1 3
+2 61
+1 61
+1 61
+1 61
+2 29
+1 29
+1 29
+1 29
+2 4
+1 4
+1 4
+1 4
511 3
+1 3
+1 3
+3 3
+15 3
+1 3

fl=(93)
fn=(322)
29 2
fi=(94) ./string/../sysdeps/x86_64/multiarch/ifunc-memset.h
+32 10
+3 6
+16 4
+4 8
+8 4
fe=(93)
-63 2
fi=(94)
+71 4
-48 2
+1 4
fe=(93)

fl=(217)
fn=(748)
107 86
+1 344
cfi=(218)
cfn=(750)
calls=86 238 
* 21852

fl=(275) ./dirent/../sysdeps/unix/sysv/linux/dirfd.c
fn=(956) dirfd
26 1
+1 1
+1 1

fl=(158)
fn=(510)
251 2
fi=(343) ./malloc/../sysdeps/unix/sysv/linux/not-cancel.h
96 3
fe=(158)
251 4
fi=(343)
96 4
fi=(159)
2960 2
+14 1
+2 2
-1 1
cfi=(160)
cfn=(514)
calls=1 0 
* 21
+1 3
fe=(158)
275 2
+13 4
fi=(159)
1853 4
+3 1
-3 1
+3 2
-3 2
+3 126
-3 126
+3 252
-3 252
+11 1
fe=(158)
292 3
fi=(159)
1864 1
fe=(158)
292 1
cob=(3)
cfi=(156)
cfn=(506)
calls=1 0 
* 19
+1 4
cob=(3)
cfi=(156)
cfn=(506)
calls=1 0 
* 20
+1 4
cob=(3)
cfi=(156)
cfn=(506)
calls=1 0 
* 19
+1 4
cob=(3)
cfi=(156)
cfn=(506)
calls=1 0 
* 19
+1 4
cob=(3)
cfi=(156)
cfn=(506)
calls=1 0 
* 20
+1 4
cob=(3)
cfi=(156)
cfn=(506)
calls=1 0 
* 19
+1 4
cob=(3)
cfi=(156)
cfn=(506)
calls=1 0 
* 19
+2 4
cob=(3)
cfi=(156)
cfn=(506)
calls=1 0 
* 19
+1 4
cob=(3)
cfi=(156)
cfn=(506)
calls=1 0 
* 19
+1 4
cob=(3)
cfi=(156)
cfn=(506)
calls=1 0 
* 19
+3 4
cob=(3)
cfi=(156)
cfn=(506)
calls=1 0 
* 19
+2 4
+10 8
fi=(159)
2974 2
fe=(158)

fl=(236)
fn=(1284)
117 10
+5 2

fn=(824) mprotect
117 5
+5 1

fn=(832) gettid
91 3
+2 1

fl=(276) ./dirent/../sysdeps/unix/sysv/linux/closedir.c
fn=(958) closedir
31 1
+3 2
-3 4
+13 1
+6 1
cob=(3)
cfi=(156)
cfn=(754)
calls=1 -50 
* 131
+2 1
+1 2
-1 1
cfi=(223)
cfn=(780)
calls=1 -27 
* 6

fl=(179) ./signal/../sysdeps/posix/signal.c
fn=(610) signal
30 4
+4 7
fi=(180)
+19 1
fe=(179)
-18 2
fi=(181) ./signal/../sysdeps/unix/sysv/linux/sigsetops.h
+67 1
fe=(179)
-61 1
+4 2
fi=(181)
+57 1
+2 1
-8 1
fe=(179)
-52 4
+1 1
cfi=(182)
cfn=(616)
calls=1 -18 
* 94
* 1
+3 1
-3 1
+4 5

fl=(196) ./misc/../sysdeps/unix/sysv/linux/brk.c
fn=(654) brk
36 4
fi=(344) ./misc/../sysdeps/unix/sysv/linux/brk_call.h
-12 8
fe=(196)
+13 8
+1 8
+6 4
+1 4

fl=(206)
fn=(698)
30 2
+9 8
+33 2

fl=(132)
fn=(424)
29 1
fi=(112)
+6 5
+1 3
+4 4
+3 3
+3 5
fe=(132)

fl=(202) ./string/../sysdeps/x86_64/multiarch/strchr-avx2.S
fn=(682) __strchr_avx2
53 1
+2 1
+1 1
+1 1
+1 1
+1 1
+3 1
+1 1
+4 1
+1 1
+1 1
+1 1
+1 1
+1 1
+1 1
+1 1
+3 1
+8 1
+8 1
+1 2

fl=(133)
fn=(428)
29 1
fi=(134) ./wcsmbs/../sysdeps/x86_64/multiarch/ifunc-memcmp.h
+5 7
fe=(133)
-5 2
fi=(134)
+6 2
+2 3
+4 2
+3 3
+3 5
fe=(133)

fl=(282) ./string/../sysdeps/x86_64/multiarch/memcmp-avx2-movbe.S
fn=(1006) __memcmp_avx2_movbe
73 2139
+7 2139
+1 2139
+3 500
+1 500
+1 500
+4 500
+1 500
+2 12
+1 12
+62 2126
+10 2126
+1 2126
+1 2126
+3 4252
337 12
+1 12
+1 12
+1 12
+1 12
+41 12
+1 12
+8 12
+1 12
+1 12
+2 24
+6 1639
+1 1639
+5 1639
+1 1639
+1 1639
+1 1639
+1 1639
+3 1281
+1 1281
+1 1281
+1 1281
+3 1281
+1 1281
+8 358
+1 358
+2 1
+1 1
+30 1
+1 1
+2 1
+10 1
+1 1
+1 1
+1 1
+33 357
+1 357
+1 357
+1 357
+1 357
+4 4
+1 4
+1 4
+1 4
+1 4
+1 4
+2 4

fl=(96)
fn=(330)
29 1
fi=(97)
+27 3
+1 2
+3 3
+14 2
+3 2
+8 2
+8 2
+3 5
fe=(96)

fl=(124)
fn=(400)
29 3
fi=(125) ./string/../sysdeps/x86_64/multiarch/ifunc-memcmp.h
+5 21
fe=(124)
-5 6
fi=(125)
+6 6
+2 9
+4 6
+3 9
+3 15
fe=(124)

fl=(227)
fn=(798)
25 1
+1 2
-1 1
+3 1
-3 3
+3 2
cob=(3)
cfi=(156)
cfn=(800) 0x00000000048f8440
calls=1 -28 
* 312
* 2
+1 2
+3 1
-5 1
+5 1

fl=(152)
fn=(498)
37 1
+2 7
+2 4
+2 1
-1 1
+1 1
-1 1
+2 1

fl=(174)
fn=(598)
28 1
+2 1
+2 1
cfi=(175)
cfn=(600)
calls=1 -1 
* 28

fl=(250) ./dirent/../sysdeps/unix/sysv/linux/opendir.c
fn=(858) opendir
82 9
-49 2
+53 2
cfi=(200)
cfn=(676)
calls=1 -58 
* 27
* 1
-40 2
+7 3
cfi=(206)
cfn=(698)
calls=1 -23 
* 6
* 2
+2 4
+57 7
+3 2
cob=(3)
cfi=(156)
cfn=(642)
calls=1 0 
* 146
+1 2
+7 1
+2 1
+2 1
+1 1
+1 1
+1 1
+1 1
-44 8

fl=(131)
fn=(420)
29 2
fi=(88)
+9 6
+2 8
+1 4
+1 6
+4 8
+3 6
+3 10
fe=(131)

fl=(209) ./string/../sysdeps/x86_64/multiarch/memmove-vec-unaligned-erms.S
fn=(722) __memcpy_avx_unaligned_erms
255 1611
+1 1611
+6 1611
+1 1611
+2 1269
+1 1269
+1 1269
+3 334
+1 334
+1 334
+3 668
+30 342
+1 342
+2 26
+1 26
+2 18
+4 18
+1 12
+1 12
+1 6
+1 6
+1 3
+1 3
+2 3
+2 3
-2 3
+2 9
+6 6
+1 6
+1 6
+1 6
+1 6
+7 316
+1 316
+1 316
+1 316
+2 316
+17 8
+1 8
+1 8
+1 8
+1 8
+7 896
+1 896
+1 896
+1 896
+1 896
+1 896
+1 1792
+5 935
+1 935
+5 935
+1 935
+2 912
+1 912
+1 912
+2 16
+1 16
+1 16
+1 16
+1 16
+1 16
+1 16
+1 16
+1 16
+1 16
+1 16
+1 16
+1 16
+1 16
+1 32
+4 23
+1 23
+4 23
+2 23
+4 23
+1 23
+11 23
+3 23
+2 23
+2 23
+4 23
+1 23
+9 21
+1 21
+2 21
+2 21
+1 21
+1 21
+3 21
+2 21
+2 21
+2 42
+6 21
+1 21
+1 21
+1 21
+1 21
+1 21
+1 21
+1 21
+1 21
+1 21
+1 21
+1 21
-11 239
+1 239
+1 239
+1 239
+1 239
+1 239
+1 239
+1 239
+1 239
+1 239
+1 239
+1 239
+2 21
+1 21
+1 21
+1 21
+2 21
+4 42
+13 2
+1 2
+2 2
+1 2
+1 2
+2 2
+2 2
+2 4
+6 2
+1 2
+1 2
+1 2
+1 2
+1 2
+1 2
+1 2
+1 2
+1 2
+1 2
+1 2
-11 3
+1 3
+1 3
+1 3
+1 3
+1 3
+1 3
+1 3
+1 3
+1 3
+1 3
+1 3
+2 2
+1 2
+1 2
+1 2
+2 2
+1 4

fl=(221)
fn=(762)
34 8
+14 3
+9 1
fi=(210)
1037 3
+1 2
fe=(221)
57 3
cfi=(198)
cfn=(784)
calls=1 202 
* 25
+1 3
fi=(210)
963 4
+1 4
+6 2
cob=(3)
cfi=(156)
cfn=(754)
calls=1 0 
* 35
fe=(221)
76 7
-27 1
cfi=(197)
cfn=(764)
calls=1 +18 
* 87
+2 3
fi=(210)
991 2
+1 10
fe=(221)
71 2
-19 2
+1 2
cfi=(198)
cfn=(768)
calls=1 +76 
* 255
* 1
fi=(210)
991 3
fe=(221)

fl=(203)
fn=(684)
27 43
+1 129
cfi=(204)
cfn=(686)
calls=43 +13 
* 7899

fl=(208) ./string/../sysdeps/x86_64/multiarch/memchr-avx2.S
fn=(710) __memchr_avx2
61 47
+7 47
+2 47
+3 47
+1 47
+2 47
+1 47
+1 47
+1 47
+3 47
+1 47
+3 47
+1 47
+2 45
+1 45
+1 2
+1 2
+2 4
+7 2
+5 2
+7 2
+1 2
+7 8
+1 8
+1 8
+1 16
+4 2
+1 2
+4 3
+1 3
+1 3
+1 6
+4 8
+1 8
+1 8
+1 16
+5 15
+1 15
+1 15
+1 30
+10 43
+1 43
+1 43
+2 43
+10 43
+1 43
+3 43
+1 43
+2 37
+1 37
+2 29
+1 29
+1 29
+1 29
+2 26
+1 26
+1 26
+1 26
+2 18
+1 18
+1 18
+1 18
+4 3
+1 3
+3 3
+1 3
+1 3
+1 3
+5 6
+10 3
+1 3
+1 3
+1 3
+1 3
+1 3
+1 3
+2 3
+6 3
+1 3
+18 6
+1 6
+3 4
+1 4
+4 1
+1 1
+3 1
+1 1
+1 1
+1 1
+1 1
+12 3
+1 3
+1 3
+2 2
+1 2
+1 2
+2 1
+2 1
+1 1
+1 1
+4 1
+2 1
+1 2
+5 2
+2 2
+2 2
+1 2
+1 2
+1 2
+1 4
+3 1
+1 2
+5 1
+4 1
+2 1
+1 2
+4 2
+4 2
+2 2
+1 4
+21 3
+1 3
+1 3
+1 3
+2 2
+1 2
+3 2
+1 2
+3 2
+1 2
+4 2
+1 2
+2 1
+1 1
+2 1
+1 1
+1 1
+1 1
+1 1
+1 1
+2 4

fl=(195)
fn=(652)
37 30
+6 12
+35 9
-38 12
+18 12
+4 12
+4 3
+1 2
-1 7
+8 3
cfi=(196)
cfn=(654)
calls=3 -38 
* 27
* 9
+4 9
-10 2
-2 2
+12 1
-19 2
cfi=(196)
cfn=(654)
calls=1 -23 
* 9
* 2
+4 6

fl=(295) ./io/../sysdeps/unix/sysv/linux/read.c
fn=(1110) read
25 1270
+1 2540
-1 635
+1 1905
cfi=(178)
cfn=(608)
calls=635 +48 
* 10795
+1 1270

ob=(5)
fl=(168)
fn=(1394)
0 5
cfn=(1396) 0x0000000000004960
calls=1 0 
0 16
0 2
cfn=(1396)
calls=1 0 
0 16
0 3

fn=(564)
0 12

fn=(1416) 0x0000000000005c60
0 5

fn=(1396)
0 32

fn=(562)
0 348

ob=(4)
fl=(162)
fn=(1386) 0x0000000000001060
0 5

fn=(1376)
0 9
cob=(3)
cfi=(156)
cfn=(1382) 0x0000000004897030
calls=1 0 
0 78
0 1
cfn=(1386)
calls=1 0 
0 5

ob=(5)
fl=(168)
fn=(562)
0 20

fn=(1406)
0 9
cob=(3)
cfi=(156)
cfn=(1412) 0x00000000048a63c0
calls=1 0 
0 78
0 1
cfn=(1416)
calls=1 0 
0 5
0 3

ob=(4)
fl=(162)
fn=(1376)
0 3

fn=(540)
0 12

ob=(6)
fl=(260) /rustc/88d9e12ae178fab0fb5cc050a94da85685d449ea/library/std/src/path.rs
fn=(926) <std::path::Components as core::iter::traits::double_ended::DoubleEndedIterator>::next_back
976 5088
705 1908
0 4134
978 1590
0 318
979 318
0 318
980 954
cfn=(928) <std::path::Components>::parse_next_component_back
calls=318 793 
* 86822
* 636
+1 318
-1 2226
+1 318
fi=(265) /rustc/88d9e12ae178fab0fb5cc050a94da85685d449ea/library/core/src/num/uint_macros.rs
+71 318
fe=(260)
-71 636
fi=(270) /rustc/88d9e12ae178fab0fb5cc050a94da85685d449ea/library/core/src/option.rs
634 954
fe=(260)
982 636
+37 2544

fn=(998) <std::path::Components as core::iter::traits::iterator::Iterator>::next
923 42780
705 29946
0 34224
925 21390
+2 8556
0 8556
fi=(261) /rustc/88d9e12ae178fab0fb5cc050a94da85685d449ea/library/std/src/sys/path/mod.rs
5 4278
fi=(268) /rustc/88d9e12ae178fab0fb5cc050a94da85685d449ea/library/core/src/slice/iter/macros.rs
384 4278
fi=(261)
5 132402
fi=(268)
384 132402
+6 136680
fi=(271) /rustc/88d9e12ae178fab0fb5cc050a94da85685d449ea/library/core/src/ptr/non_null.rs
1650 136680
fi=(268)
180 136680
0 17112
fe=(260)
769 25668
0 8556
788 4278
fi=(269) /rustc/88d9e12ae178fab0fb5cc050a94da85685d449ea/library/core/src/slice/index.rs
544 12834
90 4278
fe=(260)
929 8556
+1 8556
0 4278
971 25668
-43 12834

fn=(984) std::path::compare_components
1071 17112
fi=(270)
634 2139
fe=(260)
1081 6417
400 4278
1081 2139
+2 8556
fi=(234) /rustc/88d9e12ae178fab0fb5cc050a94da85685d449ea/library/core/src/cmp.rs
-6 6417
fi=(280) /rustc/88d9e12ae178fab0fb5cc050a94da85685d449ea/library/core/src/iter/adapters/zip.rs
300 4278
0 4278
fi=(281) /rustc/88d9e12ae178fab0fb5cc050a94da85685d449ea/library/core/src/iter/traits/iterator.rs
2494 2139
fe=(260)
1083 2139
fi=(281)
3146 2139
2494 188503
fe=(260)
1083 188503
fi=(281)
3146 188503
fi=(280)
304 188503
-4 377006
fe=(260)
0 2139
fi=(265)
1052 2139
0 4278
fi=(271)
1650 2139
fi=(268)
25 2139
fi=(271)
1650 15244
fi=(268)
25 15244
-25 17383
406 17383
fi=(261)
5 17383
fi=(268)
407 17383
fi=(269)
544 6417
90 2139
fe=(260)
1093 4278
+1 2139
fi=(269)
544 6417
90 2139
fe=(260)
1095 4278
+1 2139
+4 17112
fi=(345) /rustc/88d9e12ae178fab0fb5cc050a94da85685d449ea/library/core/src/iter/traits/collect.rs
323 38502
0 2139
fi=(281)
2493 6417
cfi=(260)
cfn=(998)
calls=2139 923 
* 474730
* 19251
4208 6417
cfi=(260)
cfn=(998)
calls=2139 923 
* 486740
* 6417
fe=(260)
525 14973
fi=(234)
2011 6417
fe=(260)
525 2139
fi=(281)
4210 4278
fe=(260)
525 4278
0 10695
cob=(2)
cfi=(282)
cfn=(1006)
calls=2139 73 
0 43538
0 17112
fi=(281)
0 12834
fe=(260)
1101 17112

fn=(928)
793 636
400 636
fi=(234)
520 636
fe=(260)
697 636
fi=(234)
520 318
fe=(260)
698 318
+43 636
0 318
699 318
+97 318
fi=(269)
544 636
fe=(260)
796 318
fi=(269)
90 318
fi=(268)
405 1272
0 636
fi=(271)
1650 636
fi=(268)
25 318
-25 9950
fi=(271)
1650 19900
fi=(268)
25 9950
407 10268
fi=(261)
5 10268
fi=(268)
407 10268
fe=(260)
0 954
798 318
fi=(269)
544 636
90 636
-90 318
fe=(260)
769 1908
0 318
801 1590
+1 636

fl=(302) /mnt/f/coding/rusty_RTOS/rusty_rtos_json/crates/rusty_rtos_json-core/src/validate.rs
fn=(1154) rusty_rtos_json_core::validate::skip_scalars
595 546000
105 78000
+1 390000
0 154800
fi=(270)
2141 154800
fe=(302)
49 77400
fi=(270)
2141 4800
fe=(302)
49 2400
-49 6000
fi=(265)
2456 2400
fe=(302)
106 4800
+6 600
0 600
611 4800
0 8000
611 619200
112 77400
0 77400
603 154800
+1 126000
0 124000
fi=(269)
184 131200
fi=(270)
2141 65600
fe=(302)
69 196800
-69 145800
539 145800
cfn=(1158) rusty_rtos_json_core::validate::skip_any_scalar
calls=48600 -39 
* 4894800
* 97200
+13 48600
-13 97200
0 30400
106 91200
0 117600
fi=(269)
184 62000
fi=(270)
2141 62000
fe=(302)
49 31000
-49 3200
fi=(265)
2456 1600
fe=(302)
106 3200
fi=(234)
1878 29400
fe=(302)
515 29400
0 13200
fi=(269)
184 12400
fi=(270)
2141 12400
fe=(302)
49 6200
-49 14600
531 7200
49 18800
607 28800
0 13600
558 27200
0 27200
562 40800
cfn=(1172) rusty_rtos_json_core::validate::skip_string
calls=13600 306 
* 727600
0 2800
562 4200
cfn=(1172)
calls=1400 306 
* 78000
* 30000
105 11400
0 45600
106 22800
fi=(269)
+78 24000
fi=(270)
2141 36000
fe=(302)
49 12000
-49 23200
fi=(265)
2456 800
fe=(302)
106 1600
0 21600
fi=(265)
2456 31800
fe=(302)
106 21200
fi=(269)
+78 53600
fi=(270)
2141 23600
fe=(302)
49 11800
-49 3600
fi=(265)
2456 1800
fe=(302)
106 3600
+6 600
579 1200
cfn=(1158)
calls=600 -79 
* 3000
* 12800
cfn=(1158)
calls=6400 -79 
* 1039200
* 14000
105 5800
+1 11600
0 28000
fi=(269)
184 13200
fi=(270)
2141 13200
fe=(302)
49 6600
-49 2000
fi=(265)
2456 1000
fe=(302)
106 2000
fi=(234)
1878 5600
fe=(302)
515 5600
0 5400
fi=(269)
184 4400
fi=(270)
2141 4400
fe=(302)
49 2200
-49 3000
112 10000
-43 33600
-69 1400
585 2800
+1 1400
49 6400
-49 15600
fi=(303) /mnt/f/coding/rusty_RTOS/rusty_rtos_json/crates/rusty_rtos_json-core/src/lib.rs
0 4800
fe=(302)
579 4800
-27 18200
fi=(303)
0 35200
fe=(302)
552 17000
fi=(303)
0 20000
fe=(302)
545 160800
fi=(234)
1878 77400
0 2000
fe=(302)
552 1000
fi=(303)
0 1000
fi=(234)
0 25800
fe=(302)
552 25800
fi=(303)
0 26200
fe=(302)

fn=(1158)
500 61200
fi=(269)
184 122400
fi=(270)
2141 60400
fe=(302)
500 181200
0 13200
366 18400
-21 9600
fi=(265)
2456 1400
fi=(269)
338 2800
fi=(272) /rustc/88d9e12ae178fab0fb5cc050a94da85685d449ea/library/core/src/slice/cmp.rs
157 1400
fe=(302)
352 2400
500 112000
cfn=(1172)
calls=25600 306 
* 3522000
* 60800
+3 77400
-44 144200
+4 41200
fi=(269)
184 41200
fi=(234)
1878 20600
fe=(302)
466 20600
fi=(265)
2456 5000
0 10000
fe=(302)
396 78000
0 31200
fi=(270)
2141 15600
fi=(346) /rustc/88d9e12ae178fab0fb5cc050a94da85685d449ea/library/core/src/num/mod.rs
960 46800
fi=(270)
2141 40000
fi=(346)
960 120000
fi=(265)
2456 40600
fe=(302)
396 81200
0 600
414 31200
+17 116400
fi=(234)
1878 18800
fe=(302)
431 18800
fi=(265)
2456 5200
fe=(302)
396 26000
0 5200
fi=(270)
2141 5200
fi=(346)
960 15600
fi=(270)
2141 24200
fi=(346)
960 72600
fi=(265)
2456 24400
fe=(302)
396 48800
0 200
414 400
+29 1200
-29 10000
+29 115200
fi=(270)
2141 18600
fe=(302)
443 55800
fi=(265)
2456 6800
fe=(302)
445 40800
fi=(270)
2141 13600
fe=(302)
445 18400
fi=(265)
2456 3400
fe=(302)
396 27200
0 6800
fi=(270)
2141 6800
fi=(346)
960 20400
fi=(270)
2141 36400
fi=(346)
960 109200
fi=(265)
2456 36400
fe=(302)
396 72800
+18 13600
+63 13600
+29 6800
-29 25200
+29 12600
345 9600
fi=(265)
2456 1400
fi=(269)
338 2800
fi=(272)
157 1400
fe=(302)
352 2600
-7 7200
fi=(265)
2456 1000
fi=(269)
338 2000
0 1000
fi=(272)
157 4000
fe=(302)
352 1000
0 13200
506 13200
353 6000
506 3000

fn=(1172)
306 243600
+1 40600
+3 243600
fi=(234)
1878 40600
fe=(302)
310 40600
fi=(265)
2456 37600
fe=(302)
312 188000
0 112200
fi=(270)
2141 74800
fe=(302)
313 37400
fi=(270)
2141 126800
fe=(302)
313 229400
0 55400
60 55400
-6 54600
186 54600
0 104800
288 35600
fi=(265)
2456 17600
fi=(269)
184 35200
fi=(270)
2141 35200
fe=(302)
289 102000
fi=(265)
2456 3000
0 9000
fe=(302)
312 6000
fi=(265)
0 157200
fe=(302)
312 104800
fi=(265)
0 18400
fe=(302)
312 19600
149 9600
0 18400
fi=(265)
2456 6800
fe=(302)
121 3400
-2 3400
0 7200
fi=(265)
2456 14400
fe=(302)
121 7200
-2 7200
+40 6800
0 3400
fi=(265)
2500 23800
fe=(302)
155 3400
+6 13600
0 3400
fi=(265)
2456 6800
fe=(302)
161 6800
fi=(265)
2456 6800
fe=(302)
161 6800
fi=(270)
2141 6800
fe=(302)
166 13600
+3 32000
-10 19200
-26 11400
0 800
134 400
fi=(265)
2456 39000
0 39000
fe=(302)
221 65000
fi=(265)
2456 12800
fe=(302)
227 64000
0 12800
fi=(265)
2456 4800
fe=(302)
233 4800
fi=(347) /rustc/88d9e12ae178fab0fb5cc050a94da85685d449ea/library/core/src/convert/num.rs
72 4800
fe=(302)
233 9600
fi=(265)
2456 4800
fe=(302)
227 9600
+6 45400
fi=(347)
72 45400
fe=(302)
233 90800
fi=(265)
2456 45400
fe=(302)
227 90800
fi=(270)
2141 50600
fe=(302)
204 151800
+1 137400
fi=(265)
2456 11400
0 11400
fe=(302)
206 103600
0 9400
138 800
0 6600
138 13600
0 12400
247 12400
-9 24800
+9 400
-9 1200
+9 55200
fi=(265)
2456 7600
0 7600
fe=(302)
221 19000
fi=(234)
1878 2000
fe=(302)
223 2000
fi=(265)
2456 2000
fi=(269)
184 4000
fi=(234)
1878 4000
fi=(265)
2456 2000
fe=(302)
227 10000
0 4000
fi=(265)
2456 1800
fe=(302)
233 1800
fi=(347)
72 1800
fe=(302)
233 3600
fi=(265)
2456 1800
fe=(302)
227 3600
+6 6200
fi=(347)
72 6200
fe=(302)
233 12400
fi=(265)
2456 6200
fe=(302)
227 12400
fi=(270)
2141 8000
fe=(302)
204 24000
+1 18600
fi=(265)
2456 3000
0 3000
fe=(302)
206 9600
0 4000
238 4000
0 2000
238 8600
0 7400
340 284200
fi=(265)
2456 27600
fe=(302)
337 55200
-99 27600

fl=(313) /rustc/88d9e12ae178fab0fb5cc050a94da85685d449ea/library/std/src/io/buffered/bufwriter.rs
fn=(1258) <std::io::buffered::bufwriter::BufWriter<std::io::stdio::StdoutRaw>>::flush_buf
195 27
+30 3
+22 3
0 10
225 4
+22 2
+1 2
fi=(269)
549 6
90 4
fi=(348) /rustc/88d9e12ae178fab0fb5cc050a94da85685d449ea/library/std/src/sys/fd/unix.rs
348 8
cob=(2)
cfi=(315)
cfn=(1260)
calls=2 25 
* 58
fi=(291) /rustc/88d9e12ae178fab0fb5cc050a94da85685d449ea/library/std/src/sys/pal/unix/mod.rs
231 2
+10 2
fe=(313)
+9 6
+2 4
-32 4
fi=(172)
0 1
fe=(313)
247 1
fi=(269)
1020 2
0 2
fi=(237) /rustc/88d9e12ae178fab0fb5cc050a94da85685d449ea/library/core/src/ptr/mut_ptr.rs
970 2
fi=(231) /rustc/88d9e12ae178fab0fb5cc050a94da85685d449ea/library/core/src/ptr/mod.rs
640 6
cob=(2)
cfi=(209)
cfn=(722)
calls=2 255 
* 26
* 2
fi=(264) /rustc/88d9e12ae178fab0fb5cc050a94da85685d449ea/library/alloc/src/vec/mod.rs
1839 2
fi=(231)
0 2
fi=(264)
1836 2
fe=(313)
265 27

fl=(311) /rustc/88d9e12ae178fab0fb5cc050a94da85685d449ea/library/core/src/fmt/mod.rs
fn=(1218) core::fmt::write
1631 22
878 4
fi=(231)
1731 2
fe=(311)
-78 4
0 10
fi=(231)
1731 28
fe=(311)
-78 28
fi=(271)
614 28
fe=(311)
1656 28
+9 32
cfi=(294) /rustc/88d9e12ae178fab0fb5cc050a94da85685d449ea/library/std/src/io/mod.rs
cfn=(1224) <std::io::default_write_fmt::Adapter<std::io::stdio::StdoutLock> as core::fmt::Write>::write_str
calls=8 614 
* 1448
fi=(242) /rustc/88d9e12ae178fab0fb5cc050a94da85685d449ea/library/core/src/result.rs
2176 16
fe=(311)
0 8
fi=(242)
2176 8
fe=(311)
1666 24
0 6
fi=(271)
614 12
fe=(311)
-37 30
fi=(349) /rustc/88d9e12ae178fab0fb5cc050a94da85685d449ea/library/core/src/fmt/rt.rs
144 6
+8 12
cfi=(314) /rustc/88d9e12ae178fab0fb5cc050a94da85685d449ea/library/core/src/fmt/num.rs
cfn=(1278) <u32 as core::fmt::Display>::fmt
calls=1 -17 
* 248
cfi=(314)
cfn=(1274) <usize as core::fmt::Display>::fmt
calls=2 -17 
* 539
cfi=(314)
cfn=(1250) <u64 as core::fmt::Display>::fmt
calls=3 -17 
* 803
fi=(242)
2176 12
fe=(311)
0 22
1740 16

fn=(1252) <core::fmt::Formatter>::pad_integral
1826 66
+4 78
0 6
1838 12
0 6
1855 6
+1 12
0 12
1858 36
cfn=(1254) <core::fmt::Formatter>::pad_integral::write_prefix
calls=6 -11 
* 126
* 12
fi=(242)
2176 12
fe=(311)
1859 72
cfi=(294)
cfn=(1224)
calls=6 614 
* 813

fn=(1254)
1847 60
+1 12
+3 12
0 6
1852 36

fl=(169)
fn=(604)
0 31
cob=(2)
cfi=(177)
cfn=(606)
calls=1 27 
0 29
0 5
cob=(2)
cfi=(179)
cfn=(610)
calls=1 30 
0 128
0 4
cob=(2)
cfi=(185)
cfn=(624)
calls=1 32 
0 55
0 8
cob=(2)
cfi=(189)
cfn=(632)
calls=1 23 
0 3
0 3
cob=(2)
cfi=(190)
cfn=(634)
calls=1 33 
0 93242
0 11
cob=(2)
cfi=(228)
cfn=(808)
calls=1 24 
0 9
0 6
cob=(2)
cfi=(229)
cfn=(810)
calls=1 26 
0 86
0 62
cob=(2)
cfi=(182)
cfn=(616)
calls=1 27 
0 70
0 7
cfi=(230) /rustc/88d9e12ae178fab0fb5cc050a94da85685d449ea/library/std/src/sys/pal/unix/stack_overflow.rs
cfn=(812) std::sys::pal::unix::stack_overflow::imp::make_handler
calls=1 250 
0 246
0 6
cfi=(238) /rustc/88d9e12ae178fab0fb5cc050a94da85685d449ea/library/std/src/sys/pal/unix/stack_overflow/thread_info.rs
cfn=(828) std::sys::pal::unix::stack_overflow::thread_info::set_current_info
calls=1 112 
0 437
0 8
cob=(2)
cfi=(182)
cfn=(616)
calls=1 27 
0 70
0 5
cob=(2)
cfi=(182)
cfn=(616)
calls=1 27 
0 70
0 12
cob=(2)
cfi=(182)
cfn=(616)
calls=1 27 
0 70
0 3
cfi=(246) /rustc/88d9e12ae178fab0fb5cc050a94da85685d449ea/library/std/src/sys/backtrace.rs
cfn=(850) std::sys::backtrace::__rust_begin_short_backtrace::<fn(), ()>
calls=1 162 
0 21136612
0 4
cob=(2)
cfi=(244)
cfn=(842)
calls=1 25 
0 4
0 22
cfi=(306) /rustc/88d9e12ae178fab0fb5cc050a94da85685d449ea/library/std/src/sys/sync/once/futex.rs
cfn=(1196) <std::sys::sync::once::futex::Once>::call
calls=1 146 
0 695
0 1

fn=(1366) 0x0000000000010a10
0 5

fn=(1350)
0 9
cob=(2)
cfi=(329)
cfn=(1358)
calls=1 45 
0 76
0 1
0 1
cfn=(1366)
calls=1 0 
0 5
0 3

fn=(572)
0 12
cob=(2)
cfi=(170)
cfn=(574)
calls=1 242 
0 21233991

fn=(586)
0 12

fl=(306)
fn=(1196)
146 18
fi=(172)
3891 12
0 3
fe=(306)
149 2
+1 2
+1 3
+8 1
fi=(172)
4043 2
fe=(306)
160 1
+19 2
-2 5
+6 1
cfi=(307) /rustc/88d9e12ae178fab0fb5cc050a94da85685d449ea/library/std/src/sync/once.rs
cfn=(1200) <std::sync::once::Once>::call_once_force::<<std::sync::once_lock::OnceLock<std::sync::reentrant_lock::ReentrantLock<core::cell::RefCell<std::io::buffered::linewriter::LineWriter<std::io::stdio::StdoutRaw>>>>>::initialize<<std::sync::once_lock::OnceLock<std::sync::reentrant_lock::ReentrantLock<core::cell::RefCell<std::io::buffered::linewriter::LineWriter<std::io::stdio::StdoutRaw>>>>>::get_or_init<std::io::stdio::stdout::{closure#0}>::{closure#0}, !>::{closure#0}>::{closure#0}
calls=1 +43 
* 54
-6 5
+6 1
cfi=(307)
cfn=(1286) <std::sync::once::Once>::call_once::<std::rt::cleanup::{closure#0}>::{closure#0}
calls=1 -17 
* 648
fi=(309) /rustc/88d9e12ae178fab0fb5cc050a94da85685d449ea/library/core/src/cell.rs
555 2
fi=(172)
3908 2
fe=(306)
62 4
210 16
-61 2
+1 3
+1 3
+8 1
fi=(172)
4043 2
fe=(306)
160 1
0 1
160 1

fl=(251) /rustc/88d9e12ae178fab0fb5cc050a94da85685d449ea/library/std/src/sys/fs/unix.rs
fn=(1066) <std::sys::fs::unix::File>::open_c
1381 3180
-77 1908
0 318
1304 636
+28 1272
0 318
1332 1272
+17 2226
0 318
1385 318
-3 1908
0 636
1390 1272
cob=(2)
cfi=(290)
cfn=(1068)
calls=318 30 
* 14628
fi=(291)
231 318
+10 318
fi=(172)
0 318
fe=(251)
1391 954
fi=(242)
0 318
fe=(251)
1392 2544

fn=(1080) std::sys::fs::unix::try_statx
155 2544
fi=(172)
3890 318
fe=(251)
181 636
fi=(231)
711 5406
fi=(239) /rustc/88d9e12ae178fab0fb5cc050a94da85685d449ea/library/std/src/sys/pal/unix/weak/syscall.rs
12 636
-12 318
13 1590
cob=(2)
cfi=(293)
cfn=(1086)
calls=318 +14 
* 3498
fi=(291)
231 318
+10 318
fe=(251)
-28 636
fi=(172)
3875 1
fi=(297) /rust/deps/libc-0.2.185/src/unix/linux_like/linux_l4re_shared.rs
1613 1
fe=(251)
220 1
fi=(297)
1616 3
+1 3
+1 2
+1 3
-6 1
fe=(251)
226 1
fi=(297)
1616 3
+1 3
+1 2
fi=(231)
711 3
fi=(297)
1619 3
fe=(251)
239 1
+1 2
fi=(298) /rustc/88d9e12ae178fab0fb5cc050a94da85685d449ea/library/core/src/profiling.rs
13 3
fe=(251)
221 1
fi=(298)
13 1
fe=(251)
222 1
fi=(298)
13 1
fe=(251)
223 1
fi=(298)
13 1
fe=(251)
224 1
fi=(298)
13 3
fe=(251)
227 1
fi=(298)
13 1
fe=(251)
228 1
fi=(298)
13 1
fe=(251)
229 1
fi=(298)
13 1
fe=(251)
230 1
fi=(298)
13 1
fe=(251)
232 1
fi=(298)
13 1
fe=(251)
233 1
fi=(298)
13 1
fe=(251)
234 1
fi=(298)
13 1
fi=(297)
1613 317
fe=(251)
220 317
fi=(297)
1616 951
+1 951
+1 634
+1 951
-6 317
fe=(251)
226 317
fi=(297)
1616 951
+1 951
+1 634
fi=(231)
711 951
fi=(297)
1619 951
fe=(251)
239 317
+1 634
fi=(298)
13 951
fe=(251)
221 317
fi=(298)
13 317
fe=(251)
222 317
fi=(298)
13 317
fe=(251)
223 317
fi=(298)
13 317
fe=(251)
224 317
fi=(298)
13 951
fe=(251)
227 317
fi=(298)
13 317
fe=(251)
228 317
fi=(298)
13 317
fe=(251)
229 317
fi=(298)
13 317
fe=(251)
230 317
fi=(298)
13 317
fe=(251)
232 317
fi=(298)
13 317
fe=(251)
233 317
fi=(298)
13 317
fe=(251)
234 317
fi=(298)
13 317
fe=(251)
235 318
fi=(298)
13 1
fe=(251)
236 1
fi=(298)
13 1
fe=(251)
251 1
fi=(298)
13 317
fe=(251)
236 317
fi=(298)
13 317
fe=(251)
251 2543

fn=(954) <std::sys::fs::unix::DirStream as core::ops::drop::Drop>::drop
1028 6
+16 1
cob=(2)
cfi=(275)
cfn=(956)
calls=1 26 
* 3
+3 2
cob=(2)
cfi=(276)
cfn=(958)
calls=1 31 
* 150
+2 2
+4 5

fl=(274) /rustc/88d9e12ae178fab0fb5cc050a94da85685d449ea/library/alloc/src/sync.rs
fn=(952) <alloc::sync::Arc<std::sys::fs::unix::InnerReadDir>>::drop_slow
2132 5
fi=(231)
823 2
cfi=(251)
cfn=(954)
calls=1 1028 
* 169
fi=(252) /rustc/88d9e12ae178fab0fb5cc050a94da85685d449ea/library/alloc/src/raw_vec/mod.rs
635 2
fi=(231)
823 1
fi=(241) /rustc/88d9e12ae178fab0fb5cc050a94da85685d449ea/library/std/src/sys/alloc/unix.rs
48 1
cob=(2)
cfi=(159)
cfn=(756)
calls=1 3319 
* 33
fe=(274)
3356 2
fi=(172)
3942 1
fe=(274)
3508 1
fi=(241)
48 5
cob=(2)
cfi=(159)
cfn=(756)
calls=1 3319 
* 33
fe=(274)

fl=(253) /rustc/88d9e12ae178fab0fb5cc050a94da85685d449ea/library/core/src/iter/adapters/filter.rs
fn=(868) <core::iter::adapters::filter::Filter<core::iter::adapters::filter_map::FilterMap<std::fs::ReadDir, json_ir::corpus::{closure#1}>, json_ir::corpus::{closure#2}> as core::iter::traits::iterator::Iterator>::next
97 3190
-97 319
fi=(251)
879 638
0 319
cob=(2)
cfi=(244)
cfn=(842)
calls=319 25 
0 1276
0 1276
fi=(257) /rustc/88d9e12ae178fab0fb5cc050a94da85685d449ea/library/core/src/array/equality.rs
157 1
fi=(251)
926 1
fi=(254) /rustc/88d9e12ae178fab0fb5cc050a94da85685d449ea/library/std/src/sys/io/error/unix.rs
52 321
fi=(251)
891 642
cob=(2)
cfi=(255)
cfn=(874)
calls=321 70 
* 9037
+1 642
0 640
924 320
fi=(249) /rustc/88d9e12ae178fab0fb5cc050a94da85685d449ea/library/core/src/ffi/c_str.rs
767 640
cob=(2)
cfi=(214)
cfn=(740)
calls=320 52 
* 5843
* 320
fi=(258) /rustc/88d9e12ae178fab0fb5cc050a94da85685d449ea/library/core/src/slice/mod.rs
+87 1278
fi=(257)
157 1
fi=(251)
926 1
0 1
895 1
+4 2
+39 318
+8 636
fi=(243) /rustc/88d9e12ae178fab0fb5cc050a94da85685d449ea/library/alloc/src/boxed.rs
-69 318
fi=(241)
14 636
cob=(2)
cfi=(159)
cfn=(644)
calls=318 3283 
* 9934
fi=(242)
2176 636
fi=(243)
881 318
fi=(231)
549 1272
cob=(2)
cfi=(209)
cfn=(722)
calls=318 255 
* 3668
fi=(172)
3923 318
fi=(274)
2428 318
fi=(242)
714 1272
fi=(270)
1163 318
fi=(264)
1873 318
fi=(252)
461 636
fi=(251)
1063 318
fi=(241)
14 636
cob=(2)
cfi=(159)
cfn=(644)
calls=318 3283 
* 49894
fi=(252)
470 636
fi=(259) /rustc/88d9e12ae178fab0fb5cc050a94da85685d449ea/library/alloc/src/slice.rs
0 318
fi=(231)
549 1272
cob=(2)
cfi=(209)
cfn=(722)
calls=318 255 
* 6996
fi=(260)
2000 954
fi=(261)
5 954
fi=(251)
1063 636
fi=(260)
329 318
fi=(261)
5 318
fi=(260)
1362 318
+53 636
fi=(252)
676 1908
cfn=(900) <alloc::raw_vec::RawVecInner<_>>::reserve::do_reserve_and_handle::<alloc::alloc::Global>
calls=318 -14 
* 145835
fi=(264)
3064 318
fi=(252)
620 318
-5 318
fi=(231)
-66 318
fi=(264)
2949 1272
fi=(265)
2649 318
fi=(252)
768 318
-94 318
fi=(260)
329 636
fi=(237)
970 636
fi=(231)
549 954
cob=(2)
cfi=(209)
cfn=(722)
calls=318 255 
* 3654
* 318
fi=(172)
3942 318
fi=(274)
2834 318
fi=(266) /rustc/88d9e12ae178fab0fb5cc050a94da85685d449ea/library/alloc/src/ffi/c_str.rs
706 318
fi=(243)
1999 636
fi=(241)
48 954
cob=(2)
cfi=(159)
cfn=(756)
calls=318 3319 
* 10494
-48 636
fi=(267) /rustc/88d9e12ae178fab0fb5cc050a94da85685d449ea/library/core/src/iter/adapters/filter_map.rs
49 954
-49 318
fi=(260)
329 318
fi=(261)
5 954
fi=(260)
3246 1908
2703 954
cfn=(926)
calls=318 976 
* 110036
fi=(270)
1541 954
fi=(260)
2703 318
fi=(270)
1542 318
fi=(260)
2961 636
fi=(258)
854 636
fi=(260)
0 636
fi=(271)
1650 318
fi=(268)
25 318
fi=(271)
1650 1272
fi=(268)
25 1272
-25 1590
406 1590
fi=(260)
-64 1590
fi=(268)
+65 1590
fi=(272)
21 318
fi=(270)
660 318
fi=(247) /mnt/f/coding/rusty_RTOS/rusty_rtos_json/bench/json-ir/src/main.rs
23 318
fi=(270)
660 636
fi=(272)
157 318
fi=(281)
2967 318
fi=(252)
0 1
fi=(350) /rustc/88d9e12ae178fab0fb5cc050a94da85685d449ea/library/core/src/ops/control_flow.rs
196 1
fe=(253)
-97 2552
-99 318
fi=(350)
197 954
+2 318
fe=(253)

fl=(288) /rustc/88d9e12ae178fab0fb5cc050a94da85685d449ea/library/core/src/slice/sort/shared/smallsort.rs
fn=(1040) core::slice::sort::shared::smallsort::sort4_stable::<std::path::PathBuf, <std::path::PathBuf as core::cmp::PartialOrd>::lt>
606 270
+14 90
fi=(260)
329 60
fi=(261)
5 90
fe=(288)
620 30
fi=(260)
3246 150
329 60
fi=(261)
5 90
fi=(260)
3246 210
2298 30
cfn=(984)
calls=30 1071 
* 37847
* 30
fe=(288)
621 90
fi=(260)
329 60
fi=(261)
5 90
fe=(288)
621 30
fi=(260)
3246 150
329 60
fi=(261)
5 90
fi=(234)
482 90
fi=(260)
3246 210
2298 30
cfn=(984)
calls=30 1071 
* 37328
fe=(288)
622 30
fi=(287) /rustc/88d9e12ae178fab0fb5cc050a94da85685d449ea/library/core/src/ptr/const_ptr.rs
872 60
fi=(234)
482 30
fe=(288)
622 30
fi=(287)
872 150
fe=(288)
635 90
fi=(260)
329 60
fi=(261)
5 90
-5 30
fe=(288)
635 30
fi=(260)
3246 150
329 60
fi=(261)
5 90
fi=(260)
3246 210
2298 30
cfn=(984)
calls=30 1071 
* 37395
fe=(288)
636 90
fi=(260)
329 60
fi=(261)
5 90
-5 30
fe=(288)
636 30
fi=(260)
3246 180
329 60
fi=(261)
5 90
fi=(260)
3246 210
2298 30
cfn=(984)
calls=30 1071 
* 36171
fi=(234)
482 30
fi=(351) /rustc/88d9e12ae178fab0fb5cc050a94da85685d449ea/library/core/src/hint.rs
879 60
0 30
fi=(234)
482 30
fi=(351)
879 90
fi=(234)
482 30
fi=(351)
879 30
fe=(288)
643 90
fi=(260)
329 60
fi=(261)
5 90
fe=(288)
643 30
fi=(260)
3246 150
329 60
fi=(261)
5 90
fi=(234)
482 30
fi=(351)
879 30
fi=(234)
482 30
fi=(351)
879 30
fi=(260)
3246 210
2298 30
cfn=(984)
calls=30 1071 
* 37584
fi=(234)
482 30
fi=(351)
879 90
fi=(231)
549 30
0 30
549 450
fe=(288)
652 240

fl=(230)
fn=(812)
250 6
fi=(172)
3891 1
fe=(230)
251 2
fi=(231)
711 5
fe=(230)
264 2
cob=(2)
cfi=(232)
cfn=(816)
calls=1 120 
* 6
+2 2
+44 2
cob=(2)
cfi=(233)
cfn=(818)
calls=1 56 
* 146
fi=(234)
1038 3
fi=(172)
3890 1
fe=(230)
229 1
-2 6
cob=(2)
cfi=(235)
cfn=(822)
calls=1 47 
* 26
+8 2
0 1
238 4
cob=(2)
cfi=(236)
cfn=(824)
calls=1 117 
* 6
+1 2
fi=(237)
970 1
fe=(230)
269 4
+1 2
cob=(2)
cfi=(232)
cfn=(816)
calls=1 120 
* 6
+2 2
+4 7

fl=(247)
fn=(852) json_ir::main
40 7
-21 3
fi=(231)
549 10
1939 2
fi=(248) /rustc/88d9e12ae178fab0fb5cc050a94da85685d449ea/library/core/src/slice/memchr.rs
71 2
-71 2
85 1
+1 1
-67 6
+72 4
-91 1
85 1
+1 1
-67 6
+72 4
-91 1
85 1
+1 1
-67 6
+72 4
-91 1
85 1
+1 1
-67 6
+72 4
-91 2
81 2
+4 1
+1 1
-67 5
+72 4
-91 1
39 3
-39 6
40 2
+64 1
fi=(249)
355 2
0 1
fi=(251)
1994 1
cob=(2)
cfi=(250)
cfn=(858)
calls=1 82 
* 230
+1 2
0 1
fi=(241)
14 2
cob=(2)
cfi=(159)
cfn=(644)
calls=1 3283 
* 187
fi=(252)
470 2
fi=(231)
+79 10
fi=(274)
431 6
fi=(241)
14 2
cob=(2)
cfi=(159)
cfn=(644)
calls=1 3283 
* 182
fi=(243)
248 2
+41 6
0 4
fi=(273) /rustc/88d9e12ae178fab0fb5cc050a94da85685d449ea/library/alloc/src/vec/spec_from_iter_nested.rs
24 1
cfi=(253)
cfn=(868)
calls=1 +73 
* 1231
* 3
+2 2
fi=(241)
-12 2
cob=(2)
cfi=(159)
cfn=(644)
calls=1 3283 
* 166
fi=(252)
470 2
fi=(273)
0 1
fi=(231)
1939 3
fi=(273)
36 3
+5 5
-41 4
fi=(252)
615 7
fi=(231)
1939 21
fi=(264)
4056 7
2231 7
4045 28
cfi=(253)
cfn=(868)
calls=7 97 
* 9736
fi=(231)
1939 930
fi=(264)
4056 310
2231 310
4045 1240
cfi=(253)
cfn=(868)
calls=310 97 
* 405687
* 3
cfi=(253)
cfn=(868)
calls=1 97 
* 1138
* 1588
+2 634
fi=(252)
676 21
cfn=(900)
calls=7 -14 
* 4238
* 7
fi=(271)
441 1
fi=(172)
3942 1
fi=(274)
2834 1
+43 2
cfn=(952)
calls=1 2132 
* 255
fi=(273)
42 5
fi=(252)
615 1
fi=(264)
1912 1
fi=(277) /rustc/88d9e12ae178fab0fb5cc050a94da85685d449ea/library/core/src/slice/sort/stable/mod.rs
38 1
fi=(262) /rustc/88d9e12ae178fab0fb5cc050a94da85685d449ea/library/core/src/intrinsics/mod.rs
436 1
fi=(237)
970 2
0 4
fi=(273)
24 1
cfi=(267)
cfn=(1054) <core::iter::adapters::filter_map::FilterMap<core::slice::iter::Iter<std::path::PathBuf>, json_ir::corpus::{closure#3}> as core::iter::traits::iterator::Iterator>::next
calls=1 +39 
* 863
* 3
+2 2
+1 1
-27 1
fi=(241)
14 2
cob=(2)
cfi=(159)
cfn=(644)
calls=1 3283 
* 282
fi=(252)
470 2
fi=(273)
0 1
fi=(231)
1939 3
fi=(273)
36 6
-36 2
fi=(231)
1939 951
fi=(264)
4056 317
2231 317
4045 1268
cfi=(267)
cfn=(1054)
calls=317 63 
* 317706
* 3
cfi=(267)
cfn=(1054)
calls=1 63 
* 872
* 1588
+2 634
fi=(252)
676 21
cfn=(900)
calls=7 -14 
* 4678
-61 7
+61 7
fi=(273)
42 4
fi=(231)
823 4
fi=(252)
635 3
fi=(231)
823 954
fi=(252)
635 636
fi=(231)
823 318
fi=(241)
48 318
cob=(2)
cfi=(159)
cfn=(756)
calls=318 3319 
* 53635
-48 318
fi=(252)
635 2
fi=(241)
48 2
cob=(2)
cfi=(159)
cfn=(756)
calls=1 3319 
* 185
fi=(252)
615 2
fi=(264)
1873 1
fi=(271)
1650 1
fi=(268)
25 1
fe=(247)
+17 1
fi=(268)
284 11
0 1
fi=(300) /rustc/88d9e12ae178fab0fb5cc050a94da85685d449ea/library/core/src/iter/traits/accum.rs
55 4
fi=(265)
973 1
fi=(268)
284 3
fi=(300)
55 312
fi=(265)
973 78
fi=(268)
284 243
0 1
fi=(300)
55 1
fi=(268)
284 3
fi=(300)
55 1
fi=(268)
284 3
0 1
fe=(247)
42 1
fi=(352) /rustc/88d9e12ae178fab0fb5cc050a94da85685d449ea/library/core/src/iter/adapters/map.rs
+86 1
fe=(247)
-81 7
-47 200
fi=(265)
973 200
fi=(234)
1916 200
fi=(285) /rustc/88d9e12ae178fab0fb5cc050a94da85685d449ea/library/core/src/iter/range.rs
900 200
0 78800
fi=(271)
1650 39000
fi=(268)
180 39000
fi=(285)
0 24600
fi=(271)
1650 24600
fi=(268)
180 24600
fi=(301) /rustc/88d9e12ae178fab0fb5cc050a94da85685d449ea/library/core/src/iter/adapters/enumerate.rs
-98 63600
fi=(264)
1873 63600
fi=(302)
696 127200
0 190200
fi=(270)
2141 126800
fi=(302)
49 63400
fi=(270)
2141 800
fi=(302)
49 400
-49 1600
fi=(265)
2456 600
fi=(302)
106 1200
+6 200
710 1000
cfn=(1158)
calls=200 500 
* 1000
* 27000
cfn=(1158)
calls=5400 500 
* 199400
-91 5600
+91 11200
+6 4800
106 8400
0 4200
fi=(270)
2141 8400
fi=(302)
49 4200
fi=(270)
2141 1200
fi=(302)
49 600
-49 3200
fi=(265)
2456 1400
fi=(302)
106 3600
+6 63200
-43 189600
-69 61000
616 122000
+5 122000
0 121600
78 600
655 600
0 3000
672 600
0 252000
672 63000
fi=(269)
184 246800
fi=(270)
2141 123400
fi=(265)
2456 123400
fi=(302)
623 123400
+2 370200
0 104600
625 313800
+2 548800
+4 156800
+5 77800
+2 77800
0 389000
cfn=(1154)
calls=77800 595 
0 11815400
0 1000
cfn=(1154)
calls=200 595 
0 173800
0 241600
fi=(269)
184 46800
fi=(270)
2141 23400
0 23400
660 29000
fi=(302)
78 5400
647 600
fi=(265)
2500 2400
fi=(270)
2141 1200
fi=(302)
106 2400
0 1000
fi=(269)
184 3200
fi=(270)
2141 3200
fi=(302)
49 1600
-49 1200
fi=(265)
2456 600
fi=(302)
106 1200
0 200
655 2000
fi=(270)
2141 800
fi=(302)
78 2200
655 200
112 1000
fi=(234)
1878 1000
fi=(302)
515 1000
0 800
fi=(270)
2141 400
fi=(302)
49 200
fi=(270)
2141 400
fi=(302)
49 200
-49 1000
49 800
-49 200
652 200
+66 3400
fe=(247)
53 3400
fi=(265)
2612 21000
0 21000
2612 42000
fe=(247)
55 21000
-2 21000
-53 44400
fi=(270)
2442 44400
fi=(302)
78 56000
-78 18000
78 54000
-78 44000
716 40600
0 1
fe=(247)
65 6
-65 1
60 6
cfi=(304) /rustc/88d9e12ae178fab0fb5cc050a94da85685d449ea/library/std/src/io/stdio.rs
cfn=(1188) std::io::stdio::_print
calls=1 1272 
* 969
fi=(264)
3064 1
fe=(247)
64 2
+1 1
-4 20
cfi=(304)
cfn=(1188)
calls=1 1272 
* 2673
fi=(271)
1650 1
fi=(231)
823 1
0 1
fi=(252)
635 3
fi=(231)
823 954
fi=(252)
635 636
fi=(231)
823 317
fi=(241)
48 317
cob=(2)
cfi=(159)
cfn=(756)
calls=317 3319 
* 51383
-48 317
fi=(252)
635 2
0 1
fi=(241)
48 1
cob=(2)
cfi=(159)
cfn=(756)
calls=1 3319 
* 179
fe=(247)
+19 8
fi=(277)
+11 1
fi=(262)
436 1
fi=(277)
83 3
cfn=(972) core::slice::sort::stable::driftsort_main::<std::path::PathBuf, <std::path::PathBuf as core::cmp::PartialOrd>::lt, alloc::vec::Vec<std::path::PathBuf>>
calls=1 +11 
* 2627451
* 1
fe=(247)

fl=(238)
fn=(828)
112 10
fi=(239)
12 2
+1 1
cob=(2)
cfi=(236)
cfn=(832)
calls=1 +78 
* 4
* 1
fi=(172)
3890 2
fi=(240) /rustc/88d9e12ae178fab0fb5cc050a94da85685d449ea/library/std/src/thread/current.rs
221 4
fi=(241)
14 2
cob=(2)
cfi=(159)
cfn=(644)
calls=1 3283 
* 175
fi=(242)
2176 2
fi=(243)
0 1
fi=(231)
549 1
fe=(238)
116 1
cob=(2)
cfi=(244)
cfn=(842)
calls=1 -91 
* 4
* 2
fi=(172)
3975 2
fi=(353) /rustc/88d9e12ae178fab0fb5cc050a94da85685d449ea/library/std/src/sys/sync/mutex/futex.rs
32 1
fi=(172)
3890 1
fi=(245) /rustc/88d9e12ae178fab0fb5cc050a94da85685d449ea/library/std/src/panicking.rs
465 6
0 1
fi=(172)
3890 2
fi=(354) /rustc/88d9e12ae178fab0fb5cc050a94da85685d449ea/library/std/src/sync/poison.rs
120 3
0 3
fi=(172)
3975 2
fe=(238)
96 1
-96 1
fi=(355) /rustc/88d9e12ae178fab0fb5cc050a94da85685d449ea/library/alloc/src/collections/btree/map.rs
1506 3
fi=(241)
0 1
14 2
cob=(2)
cfi=(159)
cfn=(644)
calls=1 3283 
* 160
fi=(243)
581 2
fi=(231)
1939 1
fi=(270)
1722 2
fi=(318) /rustc/88d9e12ae178fab0fb5cc050a94da85685d449ea/library/alloc/src/collections/btree/node.rs
671 1
fi=(308) /rustc/88d9e12ae178fab0fb5cc050a94da85685d449ea/library/core/src/mem/maybe_uninit.rs
-96 9
fi=(320) /rustc/88d9e12ae178fab0fb5cc050a94da85685d449ea/library/alloc/src/collections/btree/map/entry.rs
471 1
0 1
fi=(172)
3876 1
fi=(354)
120 1
fi=(231)
823 5
0 1
823 3
fe=(238)
123 8

fl=(292) /rustc/88d9e12ae178fab0fb5cc050a94da85685d449ea/library/std/src/fs.rs
fn=(1078) std::fs::buffer_capacity_required
1312 1908
fi=(251)
+86 1590
cfn=(1080)
calls=318 155 
* 38797
* 954
fi=(242)
835 636
fe=(292)
1139 318
fi=(251)
1679 1272
cob=(2)
cfi=(222)
cfn=(774)
calls=318 28 
* 1908
* 318
fi=(291)
231 318
+10 318
0 318
fi=(265)
2500 954
fi=(291)
231 1272
fe=(292)
1318 1590

fl=(284) /rustc/88d9e12ae178fab0fb5cc050a94da85685d449ea/library/core/src/slice/sort/stable/quicksort.rs
fn=(1012) core::slice::sort::stable::quicksort::quicksort::<std::path::PathBuf, <std::path::PathBuf as core::cmp::PartialOrd>::lt>
16 12
+10 3
fi=(288)
226 2
+9 3
fi=(237)
970 4
fi=(288)
252 2
0 2
252 1
+2 3
cfn=(1040)
calls=1 606 
* 6076
+1 3
cfn=(1040)
calls=1 606 
* 7569
* 1
0 2
fi=(234)
1916 1
fi=(285)
900 1
0 1
fe=(284)
26 2
-26 3
31 8
fi=(286) /rustc/88d9e12ae178fab0fb5cc050a94da85685d449ea/library/core/src/slice/sort/shared/pivot.rs
-3 8
fi=(287)
872 20
fi=(286)
34 12
-34 1
82 2
fi=(260)
329 2
fi=(261)
5 3
fi=(286)
+32 12
cfn=(1018) core::slice::sort::shared::pivot::median3_rec::<std::path::PathBuf, <std::path::PathBuf as core::cmp::PartialOrd>::lt>
calls=3 +18 
* 43106
* 3
-37 3
34 3
+48 2
fi=(260)
3246 5
329 2
fi=(261)
5 3
-5 1
fi=(260)
3246 6
2298 3
cfn=(984)
calls=1 1071 
* 1154
* 1
329 2
fi=(261)
5 3
fi=(286)
+78 2
fi=(260)
3246 5
329 2
fi=(261)
5 3
-5 1
fi=(260)
3246 5
2298 3
cfn=(984)
calls=1 1071 
* 1063
fi=(286)
84 1
-84 2
84 1
-84 1
fi=(260)
329 2
0 1
fi=(261)
5 3
fi=(260)
3246 5
329 2
fi=(261)
5 3
fi=(260)
3246 5
2298 3
cfn=(984)
calls=1 1071 
* 1093
fi=(286)
89 2
-89 3
fi=(287)
734 5
0 1
fi=(231)
1731 4
0 5
fe=(284)
59 1
fi=(286)
-59 3
fi=(287)
734 15
0 3
fi=(231)
1731 12
0 15
fe=(284)
59 3
+39 8
fi=(237)
970 12
0 20
fi=(287)
872 12
0 4
872 12
0 4
fi=(261)
5 1258
fi=(260)
3246 3145
2298 1887
cfn=(984)
calls=629 1071 
* 705724
fi=(237)
1054 629
fi=(234)
482 629
fe=(284)
226 1258
fi=(237)
970 629
fi=(231)
549 2516
fe=(284)
230 1887
fi=(287)
872 629
fe=(284)
140 1274
+1 1258
fi=(260)
329 1258
fi=(261)
5 1887
fe=(284)
141 1258
fi=(260)
3246 3145
329 1258
0 8
fe=(284)
144 16
fi=(237)
970 4
fi=(231)
549 16
fi=(237)
1054 4
fi=(287)
872 4
0 4
fe=(284)
122 4
fi=(231)
549 28
cob=(2)
cfi=(209)
cfn=(722)
calls=4 255 
* 896
* 4
fi=(234)
1916 8
0 12
fi=(285)
900 4
0 8
900 40
0 4
fi=(231)
549 16
fi=(265)
973 4
fe=(284)
174 4
fi=(237)
970 4
fi=(231)
549 16
fi=(285)
900 16
0 140
fi=(231)
549 560
fi=(265)
973 140
fe=(284)
174 140
fi=(237)
970 140
fi=(231)
549 560
fi=(285)
900 572
fi=(237)
+70 3
fe=(284)
174 3
fi=(237)
970 3
fi=(231)
549 15
fe=(284)
66 3
+3 3
-3 1
+3 1
fi=(258)
2196 8
fi=(237)
970 8
fe=(284)
78 20
cfn=(1013) core::slice::sort::stable::quicksort::quicksort::<std::path::PathBuf, <std::path::PathBuf as core::cmp::PartialOrd>::lt>'2
calls=4 -62 
* 1633770
-78 4
26 9
fi=(285)
-26 1
fi=(260)
329 4
fi=(265)
973 9
fi=(285)
-73 9
fi=(234)
1916 9
fi=(285)
900 9
fi=(237)
+70 18
0 9
fi=(231)
549 45
fi=(288)
-8 9
fi=(260)
329 18
fi=(261)
5 27
-5 9
fi=(288)
541 18
fi=(260)
3246 45
329 18
fi=(261)
5 27
fi=(260)
3246 45
2298 27
cfn=(984)
calls=9 1071 
* 11056
fi=(234)
482 9
fi=(288)
+59 9
0 4
fi=(234)
1916 3
fi=(285)
900 1
fi=(260)
329 6
fi=(231)
549 2
0 1
549 4
0 1
fi=(265)
973 1
fi=(285)
-73 2
fi=(234)
1916 2
fi=(285)
900 1
fi=(231)
0 2
549 8
0 2
fi=(265)
973 2
fi=(285)
-73 4
fi=(234)
1916 4
fi=(285)
900 2
fi=(231)
0 7
fi=(265)
973 7
fi=(285)
-73 14
fi=(234)
1916 14
fi=(285)
900 7
fi=(237)
+70 20
0 10
fi=(231)
549 40
fi=(288)
-8 10
fi=(260)
329 30
fi=(261)
5 30
-5 10
fi=(288)
541 20
fi=(260)
3246 50
329 20
fi=(261)
5 30
fi=(260)
3246 50
2298 30
cfn=(984)
calls=10 1071 
* 12508
fi=(234)
482 10
fi=(288)
+59 10
0 3
fi=(231)
1731 9
0 12
549 12
fi=(288)
+11 6
fi=(231)
0 30
549 120
fi=(288)
+11 60
fi=(260)
329 64
fi=(261)
5 96
fi=(288)
566 64
fi=(260)
3246 160
329 64
fi=(261)
5 96
-5 32
fi=(260)
3246 160
2298 96
cfn=(984)
calls=32 1071 
* 39748
fi=(288)
566 64
fi=(234)
-84 64
fi=(288)
+84 38
808 1
fi=(237)
970 4
fi=(287)
-98 2
0 1
872 1
0 2
fi=(288)
698 2
fi=(260)
329 2
fi=(288)
698 24
fi=(260)
329 24
fi=(261)
5 39
fi=(288)
698 26
fi=(260)
3246 65
329 39
fi=(261)
5 39
fi=(260)
3246 65
2298 39
cfn=(984)
calls=13 1071 
* 14735
fi=(234)
1411 13
482 26
0 13
fi=(288)
699 13
fi=(234)
482 13
fi=(231)
+67 65
0 13
fi=(288)
731 26
fi=(260)
329 26
fi=(261)
5 39
fi=(288)
731 26
fi=(260)
3246 65
329 39
fi=(261)
5 39
fi=(260)
3246 65
2298 39
cfn=(984)
calls=13 1071 
* 16768
fi=(288)
0 130
fi=(234)
482 39
fi=(288)
732 39
fi=(231)
549 52
fi=(288)
734 13
fi=(287)
473 26
0 13
fi=(288)
735 26
fi=(287)
473 26
fi=(237)
1054 13
fi=(234)
1916 13
0 13
fi=(285)
900 13
fi=(287)
473 2
fi=(265)
3835 1
fi=(288)
820 1
0 1
831 2
fe=(284)
81 8
fi=(288)
821 5
+1 2
fi=(231)
549 5
fi=(287)
872 4
0 2
fi=(288)
831 2
fe=(284)

fn=(1013)
16 168
+10 42
fi=(288)
226 28
+9 42
fi=(237)
970 56
fi=(288)
252 28
0 28
252 14
+2 42
cfn=(1040)
calls=14 606 
* 89428
+1 42
cfn=(1040)
calls=14 606 
* 89372
* 14
0 28
fi=(234)
1916 14
fi=(285)
900 14
0 6
fe=(284)
26 12
-26 18
31 20
fi=(286)
-3 20
fi=(287)
872 50
fi=(286)
34 30
-34 6
82 12
fi=(260)
329 12
fi=(261)
5 18
fi=(286)
+32 16
cfn=(1018)
calls=4 +18 
* 59572
* 4
-37 4
34 4
+48 12
fi=(260)
3246 30
329 12
fi=(261)
5 18
-5 6
fi=(260)
3246 36
2298 18
cfn=(984)
calls=6 1071 
* 6866
* 6
329 12
fi=(261)
5 18
fi=(286)
+78 12
fi=(260)
3246 30
329 12
fi=(261)
5 18
-5 6
fi=(260)
3246 30
2298 18
cfn=(984)
calls=6 1071 
* 7017
fi=(286)
84 6
-84 12
84 6
-84 6
fi=(260)
329 12
0 6
fi=(261)
5 18
fi=(260)
3246 30
329 12
fi=(261)
5 18
fi=(260)
3246 30
2298 18
cfn=(984)
calls=6 1071 
* 7347
fi=(286)
89 12
-89 18
fi=(287)
734 30
0 6
fi=(231)
1731 24
0 30
fe=(284)
59 6
fi=(286)
-59 4
fi=(287)
734 20
0 4
fi=(231)
1731 16
0 20
fe=(284)
59 4
-59 10
60 20
fi=(260)
329 20
fi=(261)
5 30
fe=(284)
+55 20
fi=(260)
3246 50
329 20
fi=(261)
5 30
fi=(260)
3246 50
2298 30
cfn=(984)
calls=10 1071 
* 11424
fi=(234)
482 10
0 10
fe=(284)
64 10
+34 20
fi=(237)
970 30
0 50
fi=(287)
872 30
0 10
872 30
0 10
fi=(261)
5 1198
fi=(260)
3246 2995
2298 1797
cfn=(984)
calls=599 1071 
* 706268
fi=(237)
1054 599
fi=(234)
482 599
fe=(284)
226 1198
fi=(237)
970 599
fi=(231)
549 2396
fe=(284)
230 1797
fi=(287)
872 599
fe=(284)
140 1238
+1 1198
fi=(260)
329 1198
fi=(261)
5 1797
fe=(284)
141 1198
fi=(260)
3246 2995
329 1198
0 20
fe=(284)
144 40
fi=(237)
970 10
fi=(231)
549 40
fi=(237)
1054 10
fi=(287)
872 10
0 10
fe=(284)
122 10
fi=(231)
549 70
cob=(2)
cfi=(209)
cfn=(722)
calls=10 255 
* 1018
* 10
fi=(234)
1916 20
0 30
fi=(285)
900 10
0 20
900 100
0 10
fi=(231)
549 40
fi=(265)
973 10
fe=(284)
174 10
fi=(237)
970 10
fi=(231)
549 40
fi=(285)
900 40
0 136
fi=(231)
549 544
fi=(265)
973 136
fe=(284)
174 136
fi=(237)
970 136
fi=(231)
549 544
fi=(285)
900 574
fi=(237)
+70 5
fe=(284)
174 5
fi=(237)
970 5
fi=(231)
549 25
fe=(284)
66 5
+3 5
-3 5
+3 5
fi=(258)
2196 20
fi=(237)
970 20
fe=(284)
78 50
cfn=(1013)
calls=10 -62 
* 1049213
-78 10
26 26
fi=(285)
-26 14
fi=(260)
329 56
fi=(231)
0 5
549 20
fi=(265)
973 5
fi=(285)
-73 5
fi=(234)
1916 5
fi=(285)
900 5
fi=(265)
+73 82
fi=(285)
-73 82
fi=(234)
1916 82
fi=(285)
900 82
fi=(237)
+70 174
0 87
fi=(231)
549 435
fi=(288)
-8 87
fi=(260)
329 174
fi=(261)
5 261
-5 87
fi=(288)
541 174
fi=(260)
3246 435
329 174
fi=(261)
5 261
fi=(260)
3246 435
2298 261
cfn=(984)
calls=87 1071 
* 109111
fi=(234)
482 87
fi=(288)
+59 87
0 10
fi=(231)
1731 15
0 20
549 20
fi=(288)
+11 10
fi=(231)
0 1
549 4
fi=(288)
+11 2
fi=(260)
329 12
fi=(261)
5 18
fi=(288)
566 12
fi=(260)
3246 30
329 12
fi=(261)
5 18
-5 6
fi=(260)
3246 30
2298 18
cfn=(984)
calls=6 1071 
* 7638
fi=(288)
566 6
fi=(234)
-84 12
fi=(288)
+84 21
0 56
fi=(234)
1916 42
fi=(285)
900 14
fi=(260)
329 84
fi=(231)
549 2
0 1
549 4
0 1
fi=(265)
973 1
fi=(285)
-73 2
fi=(234)
1916 2
fi=(285)
900 1
fi=(231)
0 6
549 24
0 6
fi=(265)
973 6
fi=(285)
-73 12
fi=(234)
1916 12
fi=(285)
900 6
fi=(231)
0 85
fi=(265)
973 85
fi=(285)
-73 170
fi=(234)
1916 170
fi=(285)
900 85
fi=(237)
+70 184
0 92
fi=(231)
549 368
fi=(288)
-8 92
fi=(260)
329 276
fi=(261)
5 276
-5 92
fi=(288)
541 184
fi=(260)
3246 460
329 184
fi=(261)
5 276
fi=(260)
3246 460
2298 276
cfn=(984)
calls=92 1071 
* 113506
fi=(234)
482 92
fi=(288)
+59 92
0 7
fi=(231)
1731 21
0 28
549 28
fi=(288)
+11 14
fi=(231)
0 16
549 64
fi=(288)
+11 32
fi=(260)
329 44
fi=(261)
5 66
fi=(288)
566 44
fi=(260)
3246 110
329 44
fi=(261)
5 66
-5 22
fi=(260)
3246 110
2298 66
cfn=(984)
calls=22 1071 
* 27082
fi=(288)
566 44
fi=(234)
-84 44
fi=(288)
+84 40
808 14
fi=(237)
970 56
fi=(287)
-98 28
0 14
872 14
0 28
fi=(288)
698 28
fi=(260)
329 28
fi=(288)
698 258
fi=(260)
329 258
fi=(261)
5 429
fi=(288)
698 286
fi=(260)
3246 715
329 429
fi=(261)
5 429
fi=(260)
3246 715
2298 429
cfn=(984)
calls=143 1071 
* 173685
fi=(234)
1411 143
482 286
0 143
fi=(288)
699 143
fi=(234)
482 143
fi=(231)
+67 715
0 143
fi=(288)
731 286
fi=(260)
329 286
fi=(261)
5 429
fi=(288)
731 286
fi=(260)
3246 715
329 429
fi=(261)
5 429
fi=(260)
3246 715
2298 429
cfn=(984)
calls=143 1071 
* 171001
fi=(288)
0 1430
fi=(234)
482 429
fi=(288)
732 429
fi=(231)
549 572
fi=(288)
734 143
fi=(287)
473 286
0 143
fi=(288)
735 286
fi=(287)
473 286
fi=(237)
1054 143
fi=(234)
1916 143
0 143
fi=(285)
900 143
fi=(287)
473 28
fi=(265)
3835 14
fi=(288)
820 14
0 18
831 18
0 14
831 28
fe=(284)
81 112
fi=(288)
821 25
+1 10
fi=(231)
549 25
fi=(287)
872 20
0 10
fi=(288)
831 10
fe=(284)

fl=(267)
fn=(1054)
63 3190
fi=(271)
1650 319
fi=(268)
180 319
0 3498
fi=(271)
614 318
fi=(268)
185 318
366 636
fi=(292)
1662 1272
fi=(251)
1277 318
1378 636
fi=(289) /rustc/88d9e12ae178fab0fb5cc050a94da85685d449ea/library/std/src/sys/helpers/small_c_string.rs
25 636
-25 1272
fi=(231)
549 636
cob=(2)
cfi=(209)
cfn=(722)
calls=318 255 
* 7076
1939 318
fi=(289)
47 318
fi=(248)
-20 636
-27 636
71 318
-71 1590
85 318
+1 318
-67 1908
+72 1272
-6 1781
+1 1781
-67 10686
+72 7124
+4 2084
-14 4471
-42 636
-39 1272
40 5364
+4 2364
-5 4728
+65 318
0 318
fi=(249)
355 636
fi=(251)
1378 1272
cfn=(1066)
calls=318 +3 
* 34980
fi=(242)
835 954
0 954
836 318
fi=(247)
32 318
fi=(264)
462 954
fi=(292)
1376 636
cfn=(1078)
calls=318 -64 
* 52471
0 636
fi=(252)
768 636
-77 954
fi=(292)
1378 1590
cfi=(294)
cfn=(1102) std::io::default_read_to_end::<&std::fs::File>
calls=318 414 
* 58548
fi=(242)
717 636
fi=(247)
35 1590
fi=(356) /rustc/88d9e12ae178fab0fb5cc050a94da85685d449ea/library/std/src/os/fd/owned.rs
216 636
cob=(2)
cfi=(296)
cfn=(1126)
calls=318 26 
* 9858
fi=(268)
366 636
0 1272
366 636
fi=(234)
1038 951
fi=(252)
529 2219
cfn=(904) <alloc::raw_vec::RawVecInner>::finish_grow
calls=317 +15 
* 69374
fi=(242)
2176 634
+1 317
fi=(252)
777 634
+1 634
0 1
fi=(268)
370 1
fe=(267)
65 2552

fl=(246)
fn=(850)
162 1
fi=(357) /rustc/88d9e12ae178fab0fb5cc050a94da85685d449ea/library/core/src/ops/function.rs
+88 1
cfi=(247)
cfn=(852)
calls=1 40 
* 21136608
fe=(246)
-78 2

fl=(321) /rustc/88d9e12ae178fab0fb5cc050a94da85685d449ea/library/alloc/src/collections/btree/remove.rs
fn=(1326) <alloc::collections::btree::node::Handle<alloc::collections::btree::node::NodeRef<alloc::collections::btree::node::marker::Mut, usize, std::sys::pal::unix::stack_overflow::thread_info::ThreadInfo, alloc::collections::btree::node::marker::Leaf>, alloc::collections::btree::node::marker::KV>>::remove_leaf_kv::<<alloc::collections::btree::map::entry::OccupiedEntry<usize, std::sys::pal::unix::stack_overflow::thread_info::ThreadInfo>>::remove_kv::{closure#0}, alloc::alloc::Global>
26 11
fi=(318)
314 1
1272 1
290 1
fi=(237)
970 1
fi=(231)
1731 2
fi=(237)
970 2
fi=(318)
1845 3
fi=(231)
640 3
cob=(2)
cfi=(209)
cfn=(722)
calls=1 255 
* 13
* 1
fi=(237)
970 3
fi=(231)
1731 8
fi=(237)
970 2
fi=(231)
640 2
cob=(2)
cfi=(209)
cfn=(722)
calls=1 255 
* 13
fi=(318)
1274 2
+1 1
fe=(321)
33 2
fi=(318)
338 1
fi=(270)
743 2
fi=(318)
880 3
0 2
fe=(321)
59 5
fi=(318)
338 1
fi=(270)
743 2
fi=(322) /rustc/88d9e12ae178fab0fb5cc050a94da85685d449ea/library/alloc/src/collections/btree/fix.rs
0 3
fe=(321)
74 13
+1 8

fl=(304)
fn=(1188)
1272 24
fi=(172)
3891 2
fi=(305) /rustc/88d9e12ae178fab0fb5cc050a94da85685d449ea/library/std/src/sync/once_lock.rs
156 4
fi=(309)
555 1
fi=(270)
1063 2
fi=(172)
3890 2
fi=(310) /rustc/88d9e12ae178fab0fb5cc050a94da85685d449ea/library/std/src/sync/reentrant_lock.rs
101 2
290 2
fi=(305)
410 1
cfi=(172)
cfn=(1192) <std::sync::once_lock::OnceLock<std::sync::reentrant_lock::ReentrantLock<core::cell::RefCell<std::io::buffered::linewriter::LineWriter<std::io::stdio::StdoutRaw>>>>>::initialize::<<std::sync::once_lock::OnceLock<std::sync::reentrant_lock::ReentrantLock<core::cell::RefCell<std::io::buffered::linewriter::LineWriter<std::io::stdio::StdoutRaw>>>>>::get_or_init<std::io::stdio::stdout::{closure#0}>::{closure#0}, !>
calls=1 3891 
* 125
fi=(309)
555 1
fi=(270)
1063 2
fi=(310)
0 2
fi=(172)
3975 4
fi=(353)
32 2
fi=(172)
3875 2
fi=(310)
0 4
fe=(304)
835 4
fi=(294)
625 4
+1 10
cfi=(311)
cfn=(1218)
calls=2 1631 
* 3396
0 2
626 4
0 2
fi=(231)
823 2
fi=(316) /rustc/88d9e12ae178fab0fb5cc050a94da85685d449ea/library/core/src/io/error.rs
0 2
fe=(304)
835 2
fi=(310)
425 2
+1 2
fi=(172)
3875 4
+33 2
fi=(353)
90 4
fe=(304)
1165 4
1274 14

fn=(1226) <std::io::stdio::StdoutLock as std::io::Write>::write_all
860 112
fi=(309)
2066 28
0 42
fi=(317) /rustc/88d9e12ae178fab0fb5cc050a94da85685d449ea/library/core/src/mem/mod.rs
968 14
fi=(231)
2348 28
+1 42
fi=(258)
4518 28
2056 24
4472 12
fi=(248)
128 24
fi=(269)
544 12
0 12
fe=(304)
861 12
fi=(287)
734 24
fi=(268)
405 24
0 12
fi=(271)
1650 12
fi=(268)
25 12
fe=(304)
861 2
fi=(287)
734 4
fi=(268)
405 4
0 2
fi=(271)
1650 2
fi=(268)
25 2
fi=(271)
1650 38
fi=(268)
25 38
-25 38
406 38
fi=(248)
132 38
fi=(268)
407 76
fi=(312) /rustc/88d9e12ae178fab0fb5cc050a94da85685d449ea/library/std/src/io/buffered/linewritershim.rs
0 70
fi=(248)
142 28
0 14
fi=(265)
1052 14
0 14
fi=(271)
1650 14
fi=(268)
25 14
fi=(271)
1650 40
fi=(268)
25 40
-25 42
406 42
fi=(248)
160 42
fi=(268)
407 42
fi=(258)
2157 4
fi=(264)
1873 2
fi=(312)
308 4
fi=(252)
620 4
fi=(313)
466 2
+85 4
0 2
fi=(237)
970 2
fi=(231)
549 6
cob=(2)
cfi=(209)
cfn=(722)
calls=2 255 
* 32
fi=(313)
-89 2
fi=(264)
2231 4
fi=(312)
318 2
cfi=(313)
cfn=(1258)
calls=2 195 
* 198
fi=(242)
2176 6
fi=(312)
0 2
fi=(252)
620 2
fi=(264)
3064 2
fi=(313)
466 2
+85 4
0 2
fi=(237)
970 2
fi=(231)
549 6
cob=(2)
cfi=(209)
cfn=(722)
calls=2 255 
* 26
fi=(313)
-89 2
fi=(264)
2231 4
1873 12
fi=(258)
282 24
fi=(252)
615 10
fi=(312)
48 20
fi=(264)
-48 2
fi=(252)
620 2
fi=(313)
466 2
+85 4
fi=(252)
+69 10
fi=(313)
466 10
+85 20
0 12
fi=(237)
970 12
fi=(231)
549 36
cob=(2)
cfi=(209)
cfn=(722)
calls=12 255 
* 183
fi=(313)
-89 12
fi=(264)
2231 12
0 12
fi=(317)
968 12
fe=(304)
862 96
fi=(264)
0 2
fi=(317)
968 2
fe=(304)
862 16

fl=(252)
fn=(900)
662 56
fi=(265)
898 14
fe=(252)
523 28
fi=(234)
1038 70
fe=(252)
529 70
cfn=(904)
calls=14 +15 
* 8552
fi=(242)
2176 28
+1 14
fe=(252)
777 14
+1 14
672 56
-10 1590
fi=(265)
898 318
fi=(262)
459 318
0 954
fe=(252)
523 636
fi=(234)
1038 636
fe=(252)
159 1272
fi=(234)
1038 636
fe=(252)
529 1590
cfn=(904)
calls=318 +15 
* 134705
fi=(242)
2176 636
+1 318
fe=(252)
777 318
+1 318
672 1590

fn=(904)
544 84
fi=(262)
-85 28
fe=(252)
0 28
635 28
fi=(241)
54 42
cob=(2)
cfi=(159)
cfn=(714)
calls=14 3380 
* 8188
fe=(252)
564 28
+1 28
0 42
568 56
-24 6985
fi=(265)
3172 5080
fi=(262)
459 1905
0 635
fe=(252)
635 1270
fi=(263) /rustc/88d9e12ae178fab0fb5cc050a94da85685d449ea/library/alloc/src/alloc.rs
155 318
fi=(241)
53 318
fi=(263)
206 634
101 317
fi=(241)
-88 317
+41 954
cob=(2)
cfi=(159)
cfn=(714)
calls=318 3380 
* 119441
* 318
-40 634
cob=(2)
cfi=(159)
cfn=(644)
calls=317 3283 
* 54158
-14 635
fe=(252)
564 1270
+1 2540
0 1270
568 5080

fl=(314)
fn=(1274)
135 10
+8 4
+42 2
cfn=(1276) <usize>::_fmt_inner
calls=2 +5 
* 74
* 2
fi=(269)
380 2
90 4
fe=(314)
+53 10
cfi=(311)
cfn=(1252)
calls=2 1826 
* 423
+8 8

fn=(1250)
135 9
+8 9
+55 6
0 2
209 14
+2 8
+2 2
+2 2
fi=(308)
575 10
fe=(314)
198 4
+22 6
+9 14
+2 6
fi=(308)
575 2
fe=(314)
227 4
0 2
236 2
0 1
236 7
+12 9
fi=(308)
575 3
fe=(314)
243 3
0 3
fi=(269)
380 3
90 6
fe=(314)
+53 15
cfi=(311)
cfn=(1252)
calls=3 1826 
* 642
+8 9

fn=(1276)
190 4
+8 4
0 1
209 7
+2 4
+2 1
+2 1
fi=(308)
575 5
fe=(314)
198 2
+22 4
+9 14
+2 6
fi=(308)
575 2
fe=(314)
227 4
0 2
236 6
+17 1
-5 3
fi=(308)
575 1
fe=(314)
243 1
+10 1

fn=(1278)
135 4
+8 4
+55 2
+22 2
+10 1
-1 5
+2 2
fi=(308)
575 1
fe=(314)
227 2
0 1
236 3
+12 2
fi=(308)
575 1
fe=(314)
243 1
0 1
fi=(269)
380 1
90 2
fe=(314)
+53 5
cfi=(311)
cfn=(1252)
calls=1 1826 
* 204
+8 4

fl=(172)
fn=(584)
3875 1
fi=(358) /rustc/88d9e12ae178fab0fb5cc050a94da85685d449ea/library/std/src/sys/args/unix.rs
133 1
fe=(172)

fn=(1192)
3891 1
fi=(307)
221 2
fi=(305)
0 3
fi=(307)
225 6
+1 7
cfi=(306)
cfn=(1196)
calls=1 -80 
* 103
* 2
fi=(305)
557 1
fe=(172)

fl=(277)
fn=(972)
94 9
+21 4
fi=(234)
1077 3
-39 5
fe=(277)
124 2
0 1
fi=(262)
459 2
fi=(252)
0 2
461 2
0 3
fi=(241)
14 2
cob=(2)
cfi=(159)
cfn=(644)
calls=1 3283 
* 340
fi=(252)
470 2
0 5
fe=(277)
127 3
+7 3
+1 2
cfi=(278) /rustc/88d9e12ae178fab0fb5cc050a94da85685d449ea/library/core/src/slice/sort/stable/drift.rs
cfn=(976) core::slice::sort::stable::drift::sort::<std::path::PathBuf, <std::path::PathBuf as core::cmp::PartialOrd>::lt>
calls=1 20 
* 2626895
-11 1
+12 1
fi=(241)
-88 2
cob=(2)
cfi=(159)
cfn=(756)
calls=1 3319 
* 154
fe=(277)
+88 8

fl=(294)
fn=(1114) std::io::default_read_to_end::small_probe_read::<&std::fs::File>
429 1380
+1 828
0 138
fi=(356)
162 138
fi=(348)
-48 414
cob=(2)
cfi=(295)
cfn=(1110)
calls=138 -89 
* 4002
fi=(291)
231 138
+10 138
fi=(172)
0 276
fi=(265)
1052 138
0 138
fi=(252)
620 138
fi=(264)
1469 138
fi=(265)
2649 138
fi=(252)
768 138
-94 138
fi=(264)
2944 276
+5 552
fe=(294)
444 1242

fn=(1224)
614 70
+1 42
cfi=(304)
cfn=(1226)
calls=14 860 
* 2023
* 70
+7 56

fn=(1102)
414 3498
fi=(252)
620 318
fi=(264)
3064 636
fi=(270)
1541 954
fi=(265)
898 318
fi=(262)
459 318
fi=(265)
898 318
1584 636
3806 1272
fi=(270)
1040 318
fi=(265)
3806 318
fi=(270)
1040 954
fi=(234)
1878 318
fe=(294)
447 322
0 3
448 3
cfn=(1114)
calls=1 -19 
* 76
* 1
fi=(242)
2176 2
fe=(294)
450 2
fi=(264)
0 1268
fe=(294)
456 908
0 137
461 411
cfn=(1114)
calls=137 -32 
* 10412
* 137
fi=(242)
2176 274
fe=(294)
463 137
fi=(264)
3064 137
fe=(294)
463 137
fi=(252)
615 497
fe=(294)
468 1491
fi=(252)
620 497
fi=(237)
970 994
fi=(264)
3269 497
fi=(234)
1077 2485
0 497
fi=(356)
162 497
fi=(348)
+19 1491
cob=(2)
cfi=(295)
cfn=(1110)
calls=497 25 
* 14413
fi=(291)
+50 497
+10 497
fe=(294)
495 994
fi=(264)
2231 497
fe=(294)
502 994
0 317
507 2219
-51 814
+68 2862
0 955

fl=(307)
fn=(1286)
166 8
fi=(317)
967 1
+1 1
fi=(270)
+44 2
fi=(304)
728 1
fi=(172)
3891 1
fi=(305)
156 2
fi=(304)
734 2
fi=(309)
555 1
fi=(270)
1063 2
fi=(172)
3890 1
fi=(310)
101 1
337 1
0 1
fi=(172)
3975 2
fi=(310)
340 1
fi=(172)
3875 1
fi=(310)
0 1
fi=(359) /rustc/88d9e12ae178fab0fb5cc050a94da85685d449ea/library/std/src/io/buffered/linewriter.rs
110 4
fi=(309)
2066 2
fi=(317)
968 1
fi=(313)
689 2
+2 2
cfn=(1258)
calls=1 195 
* 22
fi=(231)
823 2
fi=(252)
635 2
fi=(231)
823 1
fi=(241)
48 1
cob=(2)
cfi=(159)
cfn=(756)
calls=1 3319 
* 33
fi=(304)
740 4
fi=(317)
968 1
fi=(310)
425 1
+1 1
fi=(172)
3875 2
+33 1
fi=(353)
90 2
fi=(172)
3890 1
fi=(230)
285 2
+25 2
cob=(2)
cfi=(233)
cfn=(818)
calls=1 56 
* 146
fi=(234)
1038 3
fi=(172)
3890 1
fi=(230)
288 4
+10 2
cob=(2)
cfi=(232)
cfn=(816)
calls=1 120 
* 6
fi=(237)
1054 1
fi=(230)
301 4
cob=(2)
cfi=(236)
cfn=(1284)
calls=1 117 
* 6
fi=(238)
126 1
cob=(2)
cfi=(244)
cfn=(842)
calls=1 25 
* 4
* 2
fi=(172)
3975 2
fi=(353)
32 1
fi=(172)
3890 1
fi=(245)
465 3
0 1
fi=(172)
3890 2
fi=(354)
120 3
0 3
fi=(172)
3975 2
fi=(238)
96 1
fi=(270)
765 3
fi=(318)
641 1
fi=(319) /rustc/88d9e12ae178fab0fb5cc050a94da85685d449ea/library/alloc/src/collections/btree/search.rs
57 3
fi=(318)
396 1
fi=(319)
225 3
0 1
fi=(271)
1650 1
fi=(268)
180 1
fi=(234)
2011 3
fi=(319)
226 8
fi=(320)
656 1
fi=(318)
+75 2
fi=(321)
19 7
cfn=(1326)
calls=1 +7 
* 112
fi=(320)
657 2
+4 1
+1 2
fi=(231)
823 4
fi=(241)
48 2
cob=(2)
cfi=(159)
cfn=(756)
calls=1 3319 
* 153
-48 1
fi=(172)
3876 1
fi=(354)
120 1
fi=(231)
823 5
0 1
823 3
fe=(307)
166 7

fn=(1200)
226 5
fi=(317)
967 1
+1 1
fi=(270)
+44 2
fi=(241)
14 2
cob=(2)
cfi=(159)
cfn=(644)
calls=1 3283 
* 30
fi=(252)
470 2
fi=(308)
575 7
fe=(307)
226 4

fl=(278)
fn=(976)
20 12
fi=(265)
3749 2
+1 2
0 1
fe=(278)
37 2
-37 1
37 1
+3 3
fi=(234)
1077 5
fe=(278)
0 1
57 13
-57 2
62 3
-62 2
fi=(269)
102 3
fe=(278)
234 3
0 4
fi=(269)
102 12
fe=(278)
234 12
+15 10
0 3
87 2
fi=(279) /rustc/88d9e12ae178fab0fb5cc050a94da85685d449ea/library/core/src/slice/sort/shared/mod.rs
-62 8
-25 5
fi=(234)
1077 10
fe=(278)
286 5
0 10
fi=(279)
34 8
fi=(260)
329 8
fi=(261)
5 12
fi=(279)
+29 8
fi=(260)
3246 20
329 16
fi=(261)
5 12
fi=(260)
3246 20
2298 12
cfn=(984)
calls=4 1071 
* 4816
fi=(234)
482 4
fi=(279)
35 4
-35 16
40 4
-40 12
fi=(260)
329 4
0 4
fi=(279)
40 8
fi=(260)
329 8
fi=(279)
40 136
fi=(260)
329 136
fi=(261)
5 216
fi=(260)
3246 360
329 144
fi=(261)
5 216
fi=(260)
3246 360
2298 216
cfn=(984)
calls=72 1071 
* 91536
fi=(234)
482 72
fi=(279)
40 72
+2 68
-2 476
-40 8
fe=(278)
240 20
0 10
296 10
0 5
296 5
168 10
+1 5
0 5
170 15
fi=(265)
-16 15
fe=(278)
-67 10
-87 20
87 12
-87 4
87 12
-87 4
90 4
296 16
91 4
203 4
+1 20
+82 4
0 4
87 14
fi=(283) /rustc/88d9e12ae178fab0fb5cc050a94da85685d449ea/library/core/src/slice/sort/stable/merge.rs
-87 2
fe=(278)
103 2
+1 2
-42 2
+47 2
-6 4
+1 4
-42 4
+47 4
-4 5
0 5
296 10
113 5
0 5
62 19
+55 2
0 1
269 2
fi=(360) /rustc/88d9e12ae178fab0fb5cc050a94da85685d449ea/library/core/src/num/nonzero.rs
598 2
fe=(278)
269 2
0 1
270 11
cfi=(284)
cfn=(1012)
calls=1 16 
* 2527418

fl=(286)
fn=(1018)
55 70
+10 14
+1 7
fi=(287)
872 42
fe=(286)
67 21
cfn=(1019) core::slice::sort::shared::pivot::median3_rec::<std::path::PathBuf, <std::path::PathBuf as core::cmp::PartialOrd>::lt>'2
calls=7 -12 
* 25932
* 7
fi=(287)
872 14
fe=(286)
68 21
cfn=(1019)
calls=7 -13 
* 26189
* 7
fi=(287)
872 14
fe=(286)
69 35
cfn=(1019)
calls=7 -14 
* 25909
* 7
+13 21
fi=(260)
329 14
fi=(261)
5 21
fe=(286)
+77 7
fi=(260)
3246 35
329 14
fi=(261)
5 21
fi=(260)
3246 49
2298 7
cfn=(984)
calls=7 1071 
* 8089
* 7
fe=(286)
83 21
fi=(260)
329 14
fi=(261)
5 21
fe=(286)
+78 7
fi=(260)
3246 35
329 14
fi=(261)
5 21
fi=(260)
3246 49
2298 7
cfn=(984)
calls=7 1071 
* 7723
fe=(286)
84 14
+4 21
fi=(260)
329 14
fi=(261)
5 21
fe=(286)
+83 7
fi=(260)
3246 35
329 14
fi=(261)
5 21
fi=(260)
3246 49
2298 7
cfn=(984)
calls=7 1071 
* 7905
fe=(286)
89 14
-89 7
73 63

fn=(1019)
55 210
+10 42
+17 63
fi=(260)
329 42
fi=(261)
5 63
fe=(286)
+77 21
fi=(260)
3246 105
329 42
fi=(261)
5 63
fi=(260)
3246 147
2298 21
cfn=(984)
calls=21 1071 
* 25155
* 21
fe=(286)
83 63
fi=(260)
329 42
fi=(261)
5 63
fe=(286)
+78 21
fi=(260)
3246 105
329 42
fi=(261)
5 63
fi=(260)
3246 147
2298 21
cfn=(984)
calls=21 1071 
* 24706
fe=(286)
84 42
+4 63
fi=(260)
329 42
fi=(261)
5 63
fe=(286)
+83 21
fi=(260)
3246 105
329 42
fi=(261)
5 63
fi=(260)
3246 147
2298 21
cfn=(984)
calls=21 1071 
* 25901
fe=(286)
89 42
-89 21
73 189

ob=(3)
fl=(156)
fn=(738)
0 86
cob=(2)
cfi=(214)
cfn=(740)
calls=43 52 
0 1194

fn=(580)
0 7

fn=(1372)
0 4

fn=(712)
0 6
cob=(2)
cfi=(159)
cfn=(714)
calls=3 3380 
0 810

fn=(558)
0 7

fn=(506)
0 30
cob=(1)
cfi=(11)
cfn=(28)
calls=15 435 
0 260

fn=(1422)
0 4

fn=(550)
0 2
cob=(2)
cfi=(165)
cfn=(552)
calls=1 53 
0 22

fn=(680)
0 2
cob=(2)
cfi=(202)
cfn=(682)
calls=1 53 
0 21

fn=(708)
0 94
cob=(2)
cfi=(208)
cfn=(710)
calls=47 61 
0 1779

fn=(720)
0 610
cob=(2)
cfi=(209)
cfn=(722)
calls=305 255 
0 8568

fn=(792)
0 4
cob=(2)
cfi=(225)
cfn=(794)
calls=2 198 
0 37

fn=(1392)
0 4

fn=(536)
0 7

fn=(642)
0 8
cob=(2)
cfi=(159)
cfn=(644)
calls=4 3283 
0 834

fn=(1412)
0 2
cob=(2)
cfi=(329)
cfn=(1358)
calls=1 45 
0 76

fn=(800)
0 2
cob=(2)
cfi=(159)
cfn=(802)
calls=1 3739 
0 310

fn=(592)
0 2
cob=(1)
cfi=(51)
cfn=(594)
calls=1 118 
0 5

fn=(754)
0 14
cob=(2)
cfi=(159)
cfn=(756)
calls=7 3319 
0 634

fn=(1382)
0 2
cob=(2)
cfi=(329)
cfn=(1358)
calls=1 45 
0 76

totals: 21425051
